(copy of rankings_GRB_all_Std_cautious_Papa_rev_algo_CPX_all_completed_30June2026-23h05_restricted.csv),,,,,,,,,,,,,,,,,,,,,,,,,,,,,,,,,,,,,,,
,,,,,,,,,,,,,,,,,,,,,,,,,,,,,,,,,,,,,,,
Benders methods are compared based on their rankings with respect to several measures of performance,,,,,,,,,,,,,,,,,,,,,,,,,,,,,,,,,,,,,,,
,,,,,,,,,,,,,,,,,,,,,,,,,,,,,,,,,,,,,,,
Number of networks:,162,,,,,,,,,,,,,,,,,,,,,,,,,,,,,,,,,,,,,,
Number of methods:,38,,,,,,,,,,,,,,,,,,,,,,,,,,,,,,,,,,,,,,
,,,,,,,,,,,,,,,,,,,,,,,,,,,,,,,,,,,,,,,
Methods (see legend below): ,,GRB_T-0.0001_ILP_flow,CPX_T-0.0001_ILP_flow,GRB_T-0.0001_ILP_flow_strong,CPX_T-0.0001_ILP_flow_strong,GRB_F_T-0.0001_Std_Decomp,CPX_F_T-0.0001_Std_Decomp,GRB_T-0.0001_Fisch,CPX_T-0.0001_Fisch,GRB_F_T-0.0001_Fisch,CPX_F_T-0.0001_Fisch,GRB_U_T-0.0001_Fisch,CPX_U_T-0.0001_Fisch,GRB_F_U_T-0.0001_Fisch,CPX_F_U_T-0.0001_Fisch,GRB_T-0.0001_StatBS,CPX_T-0.0001_StatBS,GRB_F_T-0.0001_StatBS,CPX_F_T-0.0001_StatBS,GRB_U_T-0.0001_StatBS,CPX_U_T-0.0001_StatBS,GRB_F_U_T-0.0001_StatBS,CPX_F_U_T-0.0001_StatBS,GRB_F_M-1_T-0.0001_AdaptBS,CPX_F_M-1_T-0.0001_AdaptBS,GRB_F_E-2_T-0.0001_Seo,CPX_F_E-2_T-0.0001_Seo,GRB_R-1_T-0.0001_HT,CPX_R-1_T-0.0001_HT,GRB_F_R-1_T-0.0001_HT,CPX_F_R-1_T-0.0001_HT,GRB_R-2_T-0.0001_HT,CPX_R-2_T-0.0001_HT,GRB_F_R-2_T-0.0001_HT,CPX_F_R-2_T-0.0001_HT,GRB_F_P-1.0_L-0.5_A_T-0.0001_MW,CPX_F_P-1.0_L-0.5_A_T-0.0001_MW,GRB_H-0.5_G-0.1_M-1_T-0.0001_Glomb,CPX_H-0.5_G-0.1_M-1_T-0.0001_Glomb
,,,,,,,,,,,,,,,,,,,,,,,,,,,,,,,,,,,,,,,
Number of valid computations:,,153,153,153,153,137,137,136,136,138,138,144,144,146,146,135,135,132,132,147,147,146,146,131,131,38,38,136,136,126,126,135,135,128,128,140,140,148,148
Ratio of valid computations:,,0.944444444,0.944444444,0.944444444,0.944444444,0.845679012,0.845679012,0.839506173,0.839506173,0.851851852,0.851851852,0.888888889,0.888888889,0.901234568,0.901234568,0.833333333,0.833333333,0.814814815,0.814814815,0.907407407,0.907407407,0.901234568,0.901234568,0.808641975,0.808641975,0.234567901,0.234567901,0.839506173,0.839506173,0.777777778,0.777777778,0.833333333,0.833333333,0.790123457,0.790123457,0.864197531,0.864197531,0.913580247,0.913580247
,,,,,,,,,,,,,,,,,,,,,,,,,,,,,,,,,,,,,,,
Number of invalid computations:,,9,9,9,9,25,25,26,26,24,24,18,18,16,16,27,27,30,30,15,15,16,16,31,31,124,124,26,26,36,36,27,27,34,34,22,22,14,14
Ratio of invalid computations:,,0.055555556,0.055555556,0.055555556,0.055555556,0.154320988,0.154320988,0.160493827,0.160493827,0.148148148,0.148148148,0.111111111,0.111111111,0.098765432,0.098765432,0.166666667,0.166666667,0.185185185,0.185185185,0.092592593,0.092592593,0.098765432,0.098765432,0.191358025,0.191358025,0.765432099,0.765432099,0.160493827,0.160493827,0.222222222,0.222222222,0.166666667,0.166666667,0.209876543,0.209876543,0.135802469,0.135802469,0.086419753,0.086419753
,,,,,,,,,,,,,,,,,,,,,,,,,,,,,,,,,,,,,,,
Block A: Report on networks solvable inside the time limit (36000s) through at least one Benders method,,,,,,,,,,,,,,,,,,,,,,,,,,,,,,,,,,,,,,,
,,,,,,,,,,,,,,,,,,,,,,,,,,,,,,,,,,,,,,,
Number of valid computations on Benders solvable networks:,,91,91,91,91,78,78,75,75,78,78,85,85,86,86,79,79,75,75,89,89,87,87,86,86,18,18,83,83,76,76,79,79,72,72,81,81,86,86
Ratio of valid computations on Benders solvable networks:,,0.561728395,0.561728395,0.561728395,0.561728395,0.481481481,0.481481481,0.462962963,0.462962963,0.481481481,0.481481481,0.524691358,0.524691358,0.530864198,0.530864198,0.487654321,0.487654321,0.462962963,0.462962963,0.549382716,0.549382716,0.537037037,0.537037037,0.530864198,0.530864198,0.111111111,0.111111111,0.512345679,0.512345679,0.469135802,0.469135802,0.487654321,0.487654321,0.444444444,0.444444444,0.5,0.5,0.530864198,0.530864198
,,,,,,,,,,,,,,,,,,,,,,,,,,,,,,,,,,,,,,,
Block A1: Computations with methods finishing inside time limit (36000s) about networks in Block A,,,,,,,,,,,,,,,,,,,,,,,,,,,,,,,,,,,,,,,
,,,,,,,,,,,,,,,,,,,,,,,,,,,,,,,,,,,,,,,
Number of valid computations:,,91,91,91,91,69,63,59,56,67,61,69,68,76,73,63,60,73,71,71,70,86,86,73,67,13,6,65,62,74,70,62,59,71,67,66,60,73,70
Ratio of valid computations:,,0.561728395,0.561728395,0.561728395,0.561728395,0.425925926,0.388888889,0.364197531,0.345679012,0.413580247,0.37654321,0.425925926,0.419753086,0.469135802,0.450617284,0.388888889,0.37037037,0.450617284,0.438271605,0.438271605,0.432098765,0.530864198,0.530864198,0.450617284,0.413580247,0.080246914,0.037037037,0.401234568,0.382716049,0.456790123,0.432098765,0.382716049,0.364197531,0.438271605,0.413580247,0.407407407,0.37037037,0.450617284,0.432098765
Rank of computation time:,,,,,,,,,,,,,,,,,,,,,,,,,,,,,,,,,,,,,,,
,mean:,2.406593407,3,2.373626374,2.406593407,16.79710145,20.07936508,18.30508475,21.46428571,14.44776119,21.36065574,18.08695652,24.32352941,12.84210526,22.63013699,17.03174603,21.38333333,9.739726027,12.47887324,18.56338028,24.97142857,8.430232558,15.40697674,18.75342466,21.65671642,18.92307692,23.5,19.56923077,26.27419355,12.22972973,19.1,18.0483871,22.55932203,10.47887324,13.08955224,24.45454545,27.36666667,17.17808219,19.57142857
,std error of mean:,0.124305118,0.11733053,0.124954624,0.131848004,1.251855117,1.422792825,0.878173602,0.791361316,0.5593665,0.705502155,0.885776218,0.623724018,0.532546225,0.812389254,1.084248582,0.955711389,0.395141918,0.942264922,0.872496821,0.691632623,0.416188342,0.957080289,0.833430967,1.061182954,2.144103069,2.950988535,1.028808521,0.561127783,0.66024192,1.141990743,0.927223659,0.83422592,0.505026963,0.971808304,0.935274894,0.938961207,0.833332262,0.829204543
,0.25 quantile:,1,2,1,1.5,7,9,14,17.75,11,17,12,20.75,9,17,8.5,17.75,7,6,13,21,5.25,8,13,14,13,18,12,23.25,8.25,11.25,11.25,19,7,7,18,22,12,15
,median:,2,3,2,2,15,21,17,22,14,21,19,25,12,22,15,23,9,10,19,25,7,12.5,17,21,18,21.5,19,26.5,11,14.5,18.5,24,9,9,26.5,30.5,17,20.5
,0.75 quantile:,4,4,3,3,26,31,22.5,25,17.5,25,23,28,16,28,23,27,12,19.5,24,29,10,22,24,30.5,23,26.5,27,29.75,14,27.75,23.75,26,12.5,19.5,31,33,21,25
Rank of number of nodes:,,,,,,,,,,,,,,,,,,,,,,,,,,,,,,,,,,,,,,,
,mean:,3.494505495,3.263736264,2.928571429,2.368131868,17.78985507,30.24603175,16.19491525,26.38392857,12.06716418,24.40163934,15.44202899,25.72794118,10.72368421,21.90410959,14.38888889,25.425,7.739726027,15.62676056,14.85915493,25.30714286,7.389534884,15.28488372,14.36986301,25.78358209,15.15384615,26.5,14.55384615,26.14516129,7.351351351,17.22142857,14.95967742,26.20338983,8.070422535,17.10447761,18.46212121,29.99166667,15.65753425,27.56428571
,std error of mean:,0.234467296,0.191811079,0.247139343,0.182535902,0.970766018,0.64181505,0.577020568,0.578774087,0.495681453,0.53169114,0.629771118,0.499506009,0.405595679,0.454503283,0.666236109,0.636922396,0.351138083,0.872257416,0.63115119,0.566613,0.310532738,0.738648579,0.746042753,0.879345422,2.927317074,2.037836543,0.739752324,0.65241757,0.305884838,0.853900756,0.676391154,0.651949835,0.374406331,0.992371062,0.905061183,0.675102016,0.633172906,0.551798676
,0.25 quantile:,2,1.5,1.25,1.25,11,28,13,23,9.5,22,12,23,8,19,10.25,22,6,10,11,22,5,10,9,20,7.5,23.5,10,22.625,5.125,11,11,23.75,6,10.75,12,27.375,12,25
,median:,3,3,2,2,18,31,16,26,12,24,16,26,10,22,15,25.25,7,13.5,15,26,6.5,14,14,27,9,26,15,26,7,17,15,26,7,15,18,31,15.5,27.5
,0.75 quantile:,4,4,3.5,3,23,33.5,19,29.25,15,26.5,19,29,14,24,18,29.25,8.5,19.25,19.5,28.75,8,19,16,32,22,27.75,19,30.75,8,21.75,19,29.5,9,22,23,34,18,30
Rank of number of subproblems:,,,,,,,,,,,,,,,,,,,,,,,,,,,,,,,,,,,,,,,
,mean:,,,15.55072464,20.61904762,17.19491525,19.70535714,11.21641791,17.63114754,16.73913043,14.88235294,9.480263158,11.04794521,15.85714286,20.94166667,3.479452055,10.37323944,16.64084507,16.51428571,3.819767442,5.052325581,12.84931507,19.12686567,14.15384615,28.41666667,16.40769231,21.4516129,3.797297297,10.72857143,15.87096774,21.66101695,4.028169014,12.48507463,18.71969697,24.7,14.76712329,22.25714286,,
,std error of mean:,,,,,0.79645197,0.89303979,0.799940474,0.811447197,0.648285767,0.903418635,0.715126618,0.66690144,0.568341916,0.499686934,0.929109095,0.805975226,0.296732433,0.925766747,0.825488085,0.837755226,0.343556227,0.36826052,0.845144696,0.954952345,2.335337371,2.991693748,0.889644055,0.83183517,0.408090088,0.891953012,0.858553666,0.868008505,0.454635945,1.081495985,0.832859975,0.781576043,0.732209541,0.710830418
,0.25 quantile:,,,,,11,15.25,12,16,7.25,14,13,11,6,8,10,17,1.5,4.75,12,10.5,1.125,3,7,11.5,9,26.75,11,18,2,5,10.25,17,1.75,6,14,20.5,11.5,18.25
,median:,,,,,14,22,17.5,19.25,11,17,16,15,9,11,17,22,3,7,17,16,3,4.5,11,19,9,32,17,23.5,3,8,16.75,23,3,8,18.5,26.5,15,23
,0.75 quantile:,,,,,20,26.5,21.75,24.25,13.25,22,21,19,12,14,20,25.25,4.5,15,21,22,5,6,17,25.5,19,33.5,21,26,5,15,21,27,5,20.25,25,30,20,26.75
Rank of number of feasibility cuts:,,,,,,,,,,,,,,,,,,,,,,,,,,,,,,,,,,,,,,,
,mean:,,,,,25.37681159,26.53174603,19.94915254,15.39285714,18,14.72131148,20.24637681,14.01470588,17.68421053,13.81506849,16.03174603,10.84166667,5.342465753,5.14084507,16.1971831,9.942857143,6.156976744,4.377906977,17.86986301,12.7761194,15.38461538,28.75,16.76923077,10.20967742,6.074324324,5.092857143,16.18548387,10.75423729,5.746478873,6.208955224,25.72727273,26.825,21.08219178,18.45714286
,std error of mean:,,,,,0.796996422,0.59315753,0.734672441,0.703230778,0.690207739,0.614538169,0.578587971,0.653293045,0.613773276,0.64757779,0.869826281,0.653143219,0.444718038,0.487310011,0.760920552,0.656641335,0.45862193,0.329291162,0.780342763,0.858194911,2.492090355,2.229069313,0.84174213,0.658486225,0.48193085,0.374478257,0.786960746,0.590839396,0.54575177,0.417263526,0.626381102,0.583431539,0.725123093,0.592964092
,0.25 quantile:,,,,,22,25,15.75,11,14,11.5,18,10.25,15,10.5,10.25,7.75,2,2.5,10.25,6.125,3,2,12,6,9,26.5,10.5,6.5,3,3,12.125,8,2,4,24,25,18,15.625
,median:,,,,,27,28,21,15.5,18.5,15,20,14.25,18.25,14,15.5,10.25,4,4,16,9.75,5,4,19,14.5,14,30,19,9.5,5,4.75,16.25,10.5,4.5,6,27,28,22,19
,0.75 quantile:,,,,,30,29.25,24,20,22.5,18,23.5,17.625,22,18,23,14,7,6.5,22,13,8.875,6,23.5,18.5,24.5,33.5,23,13.75,9.375,7,20.875,13,7.75,8,29,30,26,22
Rank of number of optimality cuts:,,,,,,,,,,,,,,,,,,,,,,,,,,,,,,,,,,,,,,,
,mean:,,,,,8.485507246,17.32539683,16.98305085,20.61607143,11.17164179,18.45081967,16.56521739,16.03676471,9.092105263,11.76027397,16.70634921,22.25,4.047945205,11.6056338,17.25352113,17.93571429,4.255813953,6.005813953,12.93150685,20.29104478,13.26923077,27.66666667,17.23846154,22.64516129,4.871621622,11.91428571,16.86290323,22.90677966,5.415492958,13.37313433,14.22727273,18.23333333,14.68493151,22.77142857
,std error of mean:,,,,,0.784215407,1.09415398,0.752088551,0.844115196,0.626292581,0.891199238,0.743586528,0.713903279,0.510766232,0.552388627,0.892469752,0.728344775,0.381004734,0.980311816,0.86501541,0.791209448,0.438847145,0.497593872,0.835297214,0.941905122,2.57354278,2.815302102,0.887394144,0.761863089,0.530141595,0.946366382,0.830775855,0.770997796,0.619557111,1.090540509,0.951243798,1.048707317,0.759162884,0.722501728
,0.25 quantile:,,,,,4,11.5,12.75,17.375,8,15,13,12,6,9,12,19,2,5,12.5,13,1.125,3,7,13.5,8,25.75,12.5,19,2,6,12,20,2,6,8,12,12,19
,median:,,,,,6.5,18,18,20.5,11,17,17,16.75,9,11.5,17,23,3,8,18,16.5,3,5,11,21,9,29.5,18,24,3.75,9.5,18,23,4,9,13.5,18,15,23.5
,0.75 quantile:,,,,,13,24.5,20.75,26.125,14.5,23,20,20,11.625,15,21,26,5,19.5,22.5,23.375,6,7,18,26.5,19,33.25,22,27,5.75,16,21.75,28,6.5,22,19.75,25.625,19,27
Rank of number of cuts:,,,,,,,,,,,,,,,,,,,,,,,,,,,,,,,,,,,,,,,
,mean:,,,,,15.89855072,20.70634921,17.38135593,19.75892857,11.46268657,17.7704918,16.7826087,14.81617647,9.335526316,10.8630137,16.4047619,21.26666667,3.102739726,10.3028169,16.69014085,16.48571429,3.610465116,4.680232558,13.04794521,19.20149254,14,28.66666667,16.78461538,21.91935484,3.736486486,10.75714286,16.47580645,22.05084746,3.774647887,12.45522388,18.84090909,21.91666667,15.2260274,22.25
,std error of mean:,,,,,0.825424328,0.905780193,0.815176622,0.824043883,0.678268588,0.891867597,0.721404254,0.664040565,0.55811721,0.490313401,0.886608266,0.759336943,0.256087254,0.918385402,0.824837976,0.839944813,0.342717755,0.32702264,0.851585806,0.971070728,2.335727146,2.959604578,0.890579841,0.780234625,0.367883282,0.888632454,0.835713275,0.804209597,0.418263469,1.097178957,0.81573421,0.835760355,0.743965597,0.714196423
,0.25 quantile:,,,,,11,15,12.5,15,7.75,14,13,11,6,8,10.25,17,1.5,5,11.5,10.625,1,3,7,11.5,9,26.75,11,18,2,5,10.875,17.25,2,5.75,14,17,12,19
,median:,,,,,14.5,22,17.5,19.5,11,17,16,14.75,9,11,17,22,2.5,7,17,16,2.75,4,11,20,9,32.5,18,24,3,8,17,23,3,8,19,23,15,23
,0.75 quantile:,,,,,22,27,22,24.25,14.5,22,21,19,12,14,20.75,26,4,15,22,22,5,5.375,19,26,19,33.75,22,26,4.875,15,21,27,4,20,24.75,27.25,20,26
Rank of total time spent in subproblems:,,,,,,,,,,,,,,,,,,,,,,,,,,,,,,,,,,,,,,,
,mean:,,,,,7.101449275,11.25396825,12.20338983,17.58928571,11.47761194,18.78688525,12.13043478,22.04411765,8.960526316,21.50684932,11.63492063,17.81666667,6.561643836,9.492957746,12.66197183,22.78571429,4.046511628,13.43023256,14.91780822,16.49253731,15,20.83333333,15.53846154,23.93548387,9.905405405,16.92857143,12.30645161,19.10169492,6.929577465,10,19.57575758,24.73333333,12.67123288,15.15714286
,std error of mean:,,,,,0.96790437,1.104280194,0.899033814,0.773763326,0.569656038,0.653321267,0.908526449,0.617798939,0.534942715,0.713940034,1.004475143,0.93734011,0.39748992,0.996497186,0.85971897,0.708517526,0.400076715,0.944303564,0.77726984,1.015446121,2.345838566,2.947849185,1.049108254,0.610722337,0.717151078,1.115808745,0.861232543,0.774001164,0.490466115,1.021924941,0.880108883,0.844875621,0.712343202,0.724114016
,0.25 quantile:,,,,,1,3.5,7,13.75,8,16,6,17.75,6,17,4,13.75,4,2,6,18,1,5,10,9.5,8,18.5,8,21.25,6,8,6,16,4,3,14,19,8,11
,median:,,,,,3,11,11,18,11,19,12,23,8.5,22,9,19.5,6,6,13,24,3,11.5,15,16,15,21.5,14,25,8,17.5,12,19,7,7,18,27,12,15
,0.75 quantile:,,,,,10,17.5,15.5,22,15,23,16,26,12,26,18,23.25,9,17,19,27.75,6,21,20,24.5,19,23.75,24,28,13,26,18.75,24,9.5,17,25.75,30,16,20.75
Rank of maximum resident memory size:,,,,,,,,,,,,,,,,,,,,,,,,,,,,,,,,,,,,,,,
,mean:,,,,,14.27536232,23.72222222,9.847457627,16.04464286,8.791044776,17.07377049,12.01449275,16.5,10.29605263,15.05479452,10.83333333,17.16666667,6.821917808,10.77464789,12.30985915,17.47142857,7.186046512,10.04069767,15.67123288,23.79850746,17.73076923,26.66666667,12.83846154,18.10483871,7.493243243,11.97142857,10.38709677,18.74576271,6.542253521,10.57462687,18.75757576,25.75,17.55479452,23.65714286
,std error of mean:,,,,,0.897002888,0.717784884,0.791840593,1.078937732,0.682837799,0.881735303,0.748236814,0.7960896,0.730421843,0.730508377,0.824938823,1.133374182,0.738289439,0.809386802,0.799868951,0.925593341,0.755323925,0.72075275,0.997614869,0.795541969,2.716166473,3.437268511,0.800895039,1.038234783,0.842808557,0.785252183,0.747995879,1.122769286,0.745265189,0.776639732,0.79687769,0.669525122,0.754206422,0.661749603
,0.25 quantile:,,,,,9,20.5,5,9.875,5,13,7,10.875,5.75,11,6,11.125,2,5.25,8.25,12.125,2.25,5,9,19.25,8,20.5,8,11.25,2,6,6.5,13.5,2,6,13.25,23,13,20.25
,median:,,,,,13,25,9,15.75,7.5,18,12,17,9,15,9,18,4,8,11,19,4,8,14.5,26,18,31,12.5,20.5,5,12,9,22,4,9,18.5,27,17,25.5
,0.75 quantile:,,,,,19,28,13,22,11,21.5,16,22,15.625,19.5,15,24,11,14.5,17.5,23.375,9,14,23,30,27.5,33.25,18,24.875,11,17,15,25,9.5,15,23,30,22,28
Rank of maximum virtual memory size:,,,,,,,,,,,,,,,,,,,,,,,,,,,,,,,,,,,,,,,
,mean:,,,,,17.67391304,17.49206349,16.70338983,11.38392857,14.59701493,11.63934426,17.97101449,11.47794118,14.56578947,10.40410959,17.17460317,11.43333333,10.20547945,5.852112676,18.79577465,12.1,11.05813953,5.529069767,22.19178082,16.62686567,23.23076923,13.83333333,17.88461538,12.87903226,13.68243243,6.907142857,16.77419355,12.50847458,11.52816901,6.067164179,22.18181818,19.21666667,22.98630137,16.68571429
,std error of mean:,,,,,0.882501962,0.916210775,0.904529018,1.231236149,0.847548245,0.826864441,0.746122375,1.00986879,0.80302741,0.72257239,0.840232869,1.218632354,0.856840041,0.553826956,0.714126,1.03906355,0.816500111,0.447285746,1.009740056,0.842678642,2.611204456,1.516880327,0.746967774,1.156165072,1.013584427,0.528310057,0.76843265,1.262028681,0.895662104,0.502820683,0.883713752,0.857675044,0.901509993,0.779466813
,0.25 quantile:,,,,,12,12,11,3,9,7,13,5,9,5.5,13,2,3,2,15,4,4,2,15,12,18,12.5,14,5,5,4,12.25,4,4.5,2.75,17,14,18,12
,median:,,,,,19,14,16,8.5,15,9,19,7,16,8,18.5,10,8,5,19,10,9,5,25,15,29,14.5,18,10,16,6,17.25,9,13,6,23,16.5,24,14
,0.75 quantile:,,,,,24,25,22,19.25,21,18,22,18.5,20.25,15,23,19,17,8,23.5,20.5,17,7,29,20,31,15.75,23,21,20,9,20.875,22,17.75,9,28,26,30,21
,,,,,,,,,,,,,,,,,,,,,,,,,,,,,,,,,,,,,,,
Block A2: Computations with methods reaching time limit (36000s) about networks in Block A,,,,,,,,,,,,,,,,,,,,,,,,,,,,,,,,,,,,,,,
,,,,,,,,,,,,,,,,,,,,,,,,,,,,,,,,,,,,,,,
Number of valid computations:,,0,0,0,0,9,15,16,19,11,17,16,17,10,13,16,19,2,4,18,19,1,1,13,19,5,12,18,21,2,6,17,20,1,5,15,21,13,16
Ratio of valid computations:,,0,0,0,0,0.055555556,0.092592593,0.098765432,0.117283951,0.067901235,0.104938272,0.098765432,0.104938272,0.061728395,0.080246914,0.098765432,0.117283951,0.012345679,0.024691358,0.111111111,0.117283951,0.00617284,0.00617284,0.080246914,0.117283951,0.030864198,0.074074074,0.111111111,0.12962963,0.012345679,0.037037037,0.104938272,0.12345679,0.00617284,0.030864198,0.092592593,0.12962963,0.080246914,0.098765432
Rank of relative gap:,,,,,,,,,,,,,,,,,,,,,,,,,,,,,,,,,,,,,,,
,mean:,nan,nan,nan,nan,8.888888889,13,13.125,12.68421053,5.545454545,6.764705882,11.75,12.23529412,4.4,7.153846154,13.25,12.57894737,2,5.5,11.38888889,12.63157895,4,6,5.307692308,7.473684211,6.6,8.25,11.94444444,13.52380952,3.5,6.166666667,10.70588235,12.6,3,7.4,7.466666667,13.52380952,8.461538462,11.1875
,std error of mean:,nan,nan,nan,nan,2.246777909,2.526306043,1.709063614,1.321152505,0.947930642,0.943120829,1.429324578,1.249302675,0.896660471,1.113904343,1.300540753,1.381146879,0,1.436140662,1.416696925,1.428267312,0,0,1.137757659,1.563730926,1.930802942,2.291666667,1.318136128,1.622711607,1.767766953,1.623040129,1.048197352,1.333041635,0,2.308246087,2.198720166,2.009748405,1.189775896,1.305692914
,0.25 quantile:,nan,nan,nan,nan,2,3,7.5,9,3.5,5,8,7,3,5,10,8.5,2,4.75,8.25,8,4,6,2,2,5,1,10,4,2.25,3.5,8,10,3,4,2.5,4,6,7.25
,median:,nan,nan,nan,nan,10,16,12,12,5,7,11,12,3,7,12.5,15,2,6,10.5,15,4,6,3,4,5,5,11.5,16,3.5,5,12,13.5,3,7,3,16,9,12
,0.75 quantile:,nan,nan,nan,nan,14,21,16.75,16,7.5,9,14.25,15,5,8,17,16.5,2,6.75,14.5,17,4,6,9,10.5,8,12.25,15,20,4.75,7.25,13,18,3,7,8,21,9,15.25
Rank of relative distance to minimum upper bound:,,,,,,,,,,,,,,,,,,,,,,,,,,,,,,,,,,,,,,,
,mean:,nan,nan,nan,nan,5.833333333,12.3,12.34375,11.78947368,7.772727273,8.588235294,11.21875,12.5,7.1,8.038461538,13.8125,11.86842105,1.5,6.75,10.66666667,10.52631579,5,6,4.923076923,7.526315789,8.2,9.333333333,12.88888889,13.30952381,4.25,7.333333333,12.02941176,11.575,1.5,8.2,7.366666667,13.52380952,8.038461538,10.84375
,std error of mean:,nan,nan,nan,nan,1.897041231,2.244895444,2.058575219,1.054810764,1.30694843,0.8475849,2.007295653,1.195435378,2.180366942,1.029823818,1.535946242,1.278331076,0,1.430690393,1.827431578,1.21650337,0,0,1.223350422,1.584845862,2.674322344,2.536766679,1.802157296,1.123080974,1.944543648,1.742709682,1.547109476,0.981882758,0,2.472245942,2.085647603,1.682737549,1.760397295,1.105489454
,0.25 quantile:,nan,nan,nan,nan,2,5,5.5,8.75,4.75,7,3.5,9,2.125,5,9.875,8,1.5,5.25,5.25,6,5,6,1,3,5,1.75,4.5,11.5,2.875,4.25,7,8.875,1.5,4,2,6,3.5,7.75
,median:,nan,nan,nan,nan,2.5,11.5,10,10,7,8,11.5,14,4.5,7,13,11.5,1.5,6.5,7.75,10,5,6,3,4,5,6,14,14,4.25,5.5,12,11.5,1.5,8,3,15,6,12
,0.75 quantile:,nan,nan,nan,nan,9,20,18.25,14.5,11,11,17,16,10.5,10,18.25,16.5,1.5,8,17.5,14,5,6,7,12,10,16.5,18.75,16,5.625,9.75,16,15,1.5,9,9,18,11,14
Rank of relative distance to maximum lower bound:,,,,,,,,,,,,,,,,,,,,,,,,,,,,,,,,,,,,,,,
,mean:,nan,nan,nan,nan,12.33333333,13.2,10.9375,14.31578947,5.454545455,7.470588235,9.125,13.23529412,4.3,8.153846154,12,13.73684211,3,5.5,10.27777778,14.05263158,5,6,5.615384615,8,5.4,4.833333333,10.72222222,14.04761905,2,5.666666667,10.70588235,13.6,6,6.4,7.733333333,13.23809524,7.615384615,11.5
,std error of mean:,nan,nan,nan,nan,2.977280224,2.568527464,0.845339937,1.308511729,0.836794715,1.094552877,0.774974798,1.279406793,0.775241898,1.450754359,0.892678554,1.521484377,0.707106781,1.436140662,0.99320393,1.588521297,0,0,1.238143588,1.65098812,1.152388823,1.508463776,1.02981946,1.752841801,0.707106781,1.850925694,1.044891034,1.480540442,0,1.589968553,2.232022833,2.038078284,1.017820281,1.543636129
,0.25 quantile:,nan,nan,nan,nan,4,2.5,8.5,11.5,4,4,8,9,3,5,11,7.5,2.5,4.75,9,8.5,5,6,2,3,5,1,9.25,5,1.5,2.25,8,11.75,6,5,2.5,4,5,6.5
,median:,nan,nan,nan,nan,13,15,11.5,14,6,8,9.5,14,3.5,7,12,15,3,6,9.5,17,5,6,3,5,5,2,11,16,2,4,10,15,6,7,4,16,7,13.5
,0.75 quantile:,nan,nan,nan,nan,20,21,13,18,6.5,10,10.5,18,4,9,15,19,3.5,6.75,12.75,19,5,6,10,11.5,8,8,12.75,20,2.5,8,14,17.25,6,7,8.5,22,10,16.25
,,,,,,,,,,,,,,,,,,,,,,,,,,,,,,,,,,,,,,,
Block B: Report on networks that cannot be solved inside the time limit (36000s) through any Benders method,,,,,,,,,,,,,,,,,,,,,,,,,,,,,,,,,,,,,,,
,,,,,,,,,,,,,,,,,,,,,,,,,,,,,,,,,,,,,,,
Number of valid computations:,,62,62,62,62,59,59,61,61,60,60,59,59,60,60,56,56,57,57,58,58,59,59,45,45,20,20,53,53,50,50,56,56,56,56,59,59,62,62
Ratio of valid computations:,,0.382716049,0.382716049,0.382716049,0.382716049,0.364197531,0.364197531,0.37654321,0.37654321,0.37037037,0.37037037,0.364197531,0.364197531,0.37037037,0.37037037,0.345679012,0.345679012,0.351851852,0.351851852,0.358024691,0.358024691,0.364197531,0.364197531,0.277777778,0.277777778,0.12345679,0.12345679,0.327160494,0.327160494,0.308641975,0.308641975,0.345679012,0.345679012,0.345679012,0.345679012,0.364197531,0.364197531,0.382716049,0.382716049
Rank of relative gap:,,,,,,,,,,,,,,,,,,,,,,,,,,,,,,,,,,,,,,,
,mean:,2.10483871,3.60483871,1.64516129,2.64516129,22.30508475,32.59322034,20.80327869,24.21311475,17.26666667,19.95,18.55932203,25.42372881,14.38333333,23.46666667,19.28571429,27.67857143,9.421052632,9.684210526,19.84482759,26.5,6.254237288,8.559322034,18.17777778,27.35555556,13,14.95,19.9245283,29.24528302,10.02,11.96,19.51785714,27.94642857,9.696428571,8.785714286,29.49152542,33.93220339,20.09677419,24.17741935
,std error of mean:,0.11065568,0.08155702,0.105387581,0.103519678,1.135278033,0.640542827,0.686499627,0.592941893,0.51954396,0.570781628,0.846192678,0.664788627,0.500606114,0.688987448,0.768776147,0.594997826,0.412894182,0.519344412,0.850544249,0.602832198,0.249783843,0.340058621,1.096926746,1.018425585,1.8734994,2.438724052,0.759348551,0.530256264,0.4004897,0.512999025,0.787332373,0.447797646,0.487679613,0.448007412,0.855343943,0.569685402,0.683806174,0.683735605
,0.25 quantile:,1.5,3.125,1,2,14,31,17,21,15,16.75,14,22,12,18,14,24,7,7,15.25,24,5,7,13,23,6.75,6,16,27,8,10,15,26,7,7,27,33,16,22
,median:,2,4,1.5,3,21,34,21,25,17.5,20,18,25,15,25,19,28,9,9,19,28,6,8,16,28,10.5,11,20,30,10,12,19.5,28,9,8,32,36,20,24
,0.75 quantile:,3,4,2,3,30.5,36,24,28,20,24,23.5,29,18,27,23,31,11,11,24.75,30,7,10,22,34,14.25,16.25,23,32,11,14,24.25,30,11.25,10,34,36,24,27.75
Rank of relative distance to minimum upper bound:,,,,,,,,,,,,,,,,,,,,,,,,,,,,,,,,,,,,,,,
,mean:,2.540322581,2.879032258,2.435483871,2.693548387,17.93220339,25.01694915,22.67213115,19.62295082,20.03333333,17.9,19.6779661,20.57627119,17.3,22.38333333,20.55357143,26.48214286,14.62280702,12.21929825,21.5,24.18965517,7.576271186,10.12711864,21.06666667,26.44444444,21.55,15.25,21.1509434,28.41509434,14.93,14.45,19.89285714,26.5,14.09821429,9.991071429,25.05932203,30.71186441,21.93548387,20.19354839
,std error of mean:,0.084040142,0.08736926,0.092993258,0.085616786,1.238069038,1.216210419,0.920582324,0.828530472,0.90706078,0.594278274,1.136589666,1.011909374,0.91174436,0.816867889,1.107695612,0.945245579,1.039781263,0.932222788,1.096489371,0.810329015,0.428081636,0.622820039,1.214480532,1.327972763,2.487443467,2.525742465,1.147503746,0.743038877,1.181102028,0.942151792,1.064165433,0.737134551,1.076359164,0.583916431,1.086471399,0.832426304,0.853428834,0.922275697
,0.25 quantile:,2.5,2.5,2.5,2.5,9,16.5,18,15,15.75,15,12.5,15,12,18,14,22,8,7,15,20,5,6,15,17,11.5,5.75,15,25,9,9.625,13.75,22.75,8,7,18.5,27,16.25,14.25
,median:,2.5,2.5,2.5,2.5,16,26,23,20,20,17.5,20,21,16,23,21,28,14,10,22.5,24,7,9,19,29,21.5,11,20,30,12,12,20.5,27,11,9,28,33,21,19.5
,0.75 quantile:,2.5,3,2.5,2.875,25,33.5,29,25,26,21,27.5,26,23.25,27.25,28,32,20,14,28,29,10,11.5,27,35,32.25,21.5,29,32,19.25,17.75,27,30.25,18.75,12.25,32,36,26.75,25.75
Rank of relative distance to maximun lower bound:,,,,,,,,,,,,,,,,,,,,,,,,,,,,,,,,,,,,,,,
,mean:,2.129032258,3.524193548,1.701612903,2.64516129,23.51694915,32.6440678,19.80327869,26.8852459,16.51666667,21.5,17.94915254,27.94915254,13.36666667,24.36666667,18.92857143,28.19642857,8.263157895,9.684210526,18.05172414,27.05172414,5.949152542,9.06779661,16.6,28.04444444,8.6,14.65,19.73584906,29,8.72,12.1,19.05357143,27.74107143,8.607142857,9.571428571,29.3559322,33.86440678,19.17741935,26.19354839
,std error of mean:,0.104487927,0.084139937,0.107871564,0.094314919,1.085603878,0.650177406,0.552446695,0.513770785,0.376749008,0.601156293,0.649585521,0.566935207,0.36436144,0.635070716,0.548570233,0.484069986,0.311398632,0.384493123,0.612213394,0.618493439,0.208169446,0.258010873,0.938293697,0.989303561,1.257775815,2.466044403,0.419488698,0.524921802,0.317540549,0.325269119,0.471387744,0.477322309,0.315094911,0.426226578,0.846698885,0.569984465,0.49214654,0.572904819
,0.25 quantile:,1.5,3,1,2,15,31,17,25,14.75,17,15,26,11.75,22.25,16,26,7,8,15.25,23,5,8,13,24,5,6,18,27,7,11,16.75,25.75,6.75,8,26,32.5,16,25
,median:,2,4,1.5,3,24,34,20,27,16,22,18,28,13.5,25,19,29,8,9,18,28,5,9,15,30,5,10,20,30,8,12,19,28,8,9,32,35,20,26.5
,0.75 quantile:,3,4,2,3,31.5,36,23,29,18,25,22,31,15.25,28,21,30,10,11,21,31,7,10,17,34,11.25,17.5,22,31,11,13,22,30,11,11,34,36,22,29
,,,,,,,,,,,,,,,,,,,,,,,,,,,,,,,,,,,,,,,
,,,,,,,,,,,,,,,,,,,,,,,,,,,,,,,,,,,,,,,
Legend,,,,,,,,,,,,,,,,,,,,,,,,,,,,,,,,,,,,,,,
,,,,,,,,,,,,,,,,,,,,,,,,,,,,,,,,,,,,,,,
1 Details of characteristics and measurements,,,,,,,,,,,,,,,,,,,,,,,,,,,,,,,,,,,,,,,
,,,,,,,,,,,,,,,,,,,,,,,,,,,,,,,,,,,,,,,
instName:,network identifier,,,,,,,,,,,,,,,,,,,,,,,,,,,,,,,,,,,,,,
isSolved:,1 if valid solution found before time limit; 0 if valid uprBd and lwrBd were found but solution process interrupted by time limit; -1 if (i) missing or invalid (usually because process failed to find a feasible integral first stage solutionor if (ii) lwrBd == -1 or if (iii) uprBd == -1; -99 if solution process crashed,,,,,,,,,,,,,,,,,,,,,,,,,,,,,,,,,,,,,,
totTime:,total time at exit; -1 if invalid or missing; -99 if solution process crashed,,,,,,,,,,,,,,,,,,,,,,,,,,,,,,,,,,,,,,
uprBd:,upper bound; -1 if invalid; missing or smaller than lower bound produced by direct ILP solution; -99 if solution process crashed,,,,,,,,,,,,,,,,,,,,,,,,,,,,,,,,,,,,,,
lwrBd:,lower bound; -1 if invalid; missing or greater than upper bound produced by direct ILP solution; -99 if solution process crashed,,,,,,,,,,,,,,,,,,,,,,,,,,,,,,,,,,,,,,
relGap:,relative gap; -1 if invalid or missing; -99 if solution process crashed,,,,,,,,,,,,,,,,,,,,,,,,,,,,,,,,,,,,,,
nbAllNodes:,number of nodes generated; -1 if invalid or missing; -99 if solution process crashed,,,,,,,,,,,,,,,,,,,,,,,,,,,,,,,,,,,,,,
nbSubp:,number of cut generating subproblems examined; -1 if invalid or missing; -99 if solution process crashed,,,,,,,,,,,,,,,,,,,,,,,,,,,,,,,,,,,,,,
nbFeasCuts:,number of feasibility cuts genreated; -1 if invalid or missing; -99 if solution process crashed,,,,,,,,,,,,,,,,,,,,,,,,,,,,,,,,,,,,,,
nbOptCuts:,number of optimality cuts generated; -1 if invalid or missing; -99 if solution process crashed,,,,,,,,,,,,,,,,,,,,,,,,,,,,,,,,,,,,,,
nbPosFeasSubp:,number of feasible cut generating subproblems with positive value; -1 if invalid or missing; -99 if solution process crashed,,,,,,,,,,,,,,,,,,,,,,,,,,,,,,,,,,,,,,
nbNegFeasSubp:,number of feasible cut generating subproblems with negative value; -1 if invalid or missing; -99 if solution process crashed,,,,,,,,,,,,,,,,,,,,,,,,,,,,,,,,,,,,,,
nbNullFeasSubp:,number of feasible cut generating subproblems with null value; -1 if invalid or missing; -99 if solution process crashed,,,,,,,,,,,,,,,,,,,,,,,,,,,,,,,,,,,,,,
nbInfeasSp:,number of infeasible cut generating subproblems; -1 if invalid or missing; -99 if solution process crashed,,,,,,,,,,,,,,,,,,,,,,,,,,,,,,,,,,,,,,
nbPosUnbdSubp:,number of positively unbounded cut generating subproblems; -1 if invalid or missing; -99 if solution process crashed,,,,,,,,,,,,,,,,,,,,,,,,,,,,,,,,,,,,,,
nbNegUnbdSubp:,number of negatively unbounded cut generating subproblems; -1 if invalid or missing; -99 if solution process crashed,,,,,,,,,,,,,,,,,,,,,,,,,,,,,,,,,,,,,,
totTimeSubp:,sum of times spent in cut generating subproblems; -1 if invalid or missing; -99 if solution process crashed,,,,,,,,,,,,,,,,,,,,,,,,,,,,,,,,,,,,,,
totTimeSqrSubp:,sum of squared times spent in cut generating subproblems; -1 if invalid or missing; -99 if solution process crashed,,,,,,,,,,,,,,,,,,,,,,,,,,,,,,,,,,,,,,
maxRssMem:,maximum resident memory size; -1 if invalid or missing; -99 if solution process crashed,,,,,,,,,,,,,,,,,,,,,,,,,,,,,,,,,,,,,,
maxVmsMem:,maximum virtual memory size; -1 if invalid or missing; -99 if solution process crashed,,,,,,,,,,,,,,,,,,,,,,,,,,,,,,,,,,,,,,
,,,,,,,,,,,,,,,,,,,,,,,,,,,,,,,,,,,,,,,
2 Details of methods,,,,,,,,,,,,,,,,,,,,,,,,,,,,,,,,,,,,,,,
,,,,,,,,,,,,,,,,,,,,,,,,,,,,,,,,,,,,,,,
2.1 Hyperparameters,,,,,,,,,,,,,,,,,,,,,,,,,,,,,,,,,,,,,,,
GRB:,use of Gurobi,,,,,,,,,,,,,,,,,,,,,,,,,,,,,,,,,,,,,,
CPX:,use of CPLEX,,,,,,,,,,,,,,,,,,,,,,,,,,,,,,,,,,,,,,
SCP:,use of SCIP,,,,,,,,,,,,,,,,,,,,,,,,,,,,,,,,,,,,,,
T:,relative gap tolerance,,,,,,,,,,,,,,,,,,,,,,,,,,,,,,,,,,,,,,
F:,inclusion of strong constraints (in a Benders method),,,,,,,,,,,,,,,,,,,,,,,,,,,,,,,,,,,,,,
U:,no inversion between normalization and objective (Fisch and statBS),,,,,,,,,,,,,,,,,,,,,,,,,,,,,,,,,,,,,,
G:,relative gap required from Fisch in initial step of adaptBS or Glomb,,,,,,,,,,,,,,,,,,,,,,,,,,,,,,,,,,,,,,
M:,number of feasible integer solutions required from Fisch in initial step of adaptBS,,,,,,,,,,,,,,,,,,,,,,,,,,,,,,,,,,,,,,
E:,computation procedure of reference point in Seo (2: relaxed solution once initially; 4: relaxed solution at every callback),,,,,,,,,,,,,,,,,,,,,,,,,,,,,,,,,,,,,,
R:,metric involved in HT (0: L_inf; 1: L_1; 2: upper bound on L_1),,,,,,,,,,,,,,,,,,,,,,,,,,,,,,,,,,,,,,
P:,common value of all elements in initial reference point in MW and Papa,,,,,,,,,,,,,,,,,,,,,,,,,,,,,,,,,,,,,,
L:,mixing weight applied when updating reference point in MW and Papa,,,,,,,,,,,,,,,,,,,,,,,,,,,,,,,,,,,,,,
H:,mixing weight applied when updating reference point in Glomb,,,,,,,,,,,,,,,,,,,,,,,,,,,,,,,,,,,,,,
A:,also add a standard optimality cut whenever a MW optimality cut is added,,,,,,,,,,,,,,,,,,,,,,,,,,,,,,,,,,,,,,
,,,,,,,,,,,,,,,,,,,,,,,,,,,,,,,,,,,,,,,
2.2 Algorithmic families,,,,,,,,,,,,,,,,,,,,,,,,,,,,,,,,,,,,,,,
ILP_flow:,brute force ILP,,,,,,,,,,,,,,,,,,,,,,,,,,,,,,,,,,,,,,
ILP_flow_strong:,brute force ILP with inclusion of strong constraints,,,,,,,,,,,,,,,,,,,,,,,,,,,,,,,,,,,,,,
Std:,standard Benders,,,,,,,,,,,,,,,,,,,,,,,,,,,,,,,,,,,,,,
Std_Decomp:,Benders with flow decomposition of subproblems,,,,,,,,,,,,,,,,,,,,,,,,,,,,,,,,,,,,,,
Fisch:,Fischetti et al.,,,,,,,,,,,,,,,,,,,,,,,,,,,,,,,,,,,,,,
StatBS:,static Brandenberg-Stursberg,,,,,,,,,,,,,,,,,,,,,,,,,,,,,,,,,,,,,,
AdaptBS:,adaptive Brandenberg-Stursberg,,,,,,,,,,,,,,,,,,,,,,,,,,,,,,,,,,,,,,
Seo:,Seo et al.,,,,,,,,,,,,,,,,,,,,,,,,,,,,,,,,,,,,,,
HT:,Hosseini-Turner,,,,,,,,,,,,,,,,,,,,,,,,,,,,,,,,,,,,,,
MW:,Magnanti-Wong,,,,,,,,,,,,,,,,,,,,,,,,,,,,,,,,,,,,,,
Papa:,Papadakos,,,,,,,,,,,,,,,,,,,,,,,,,,,,,,,,,,,,,,
Glomb:,Glomb et al.,,,,,,,,,,,,,,,,,,,,,,,,,,,,,,,,,,,,,,
