(copy of rel_dist_CPX_all_completed_21Jun2026-17h06.csv),,,,,,,,,,,,,,,,,,,,,,,,,,,,,,,,,,,,,,,,,,,,,,,,,,,,,
,,,,,,,,,,,,,,,,,,,,,,,,,,,,,,,,,,,,,,,,,,,,,,,,,,,,,
Benders methods are compared with respect to several measures of performance based on their relative distances to minimum value over all Benders methods,,,,,,,,,,,,,,,,,,,,,,,,,,,,,,,,,,,,,,,,,,,,,,,,,,,,,
,,,,,,,,,,,,,,,,,,,,,,,,,,,,,,,,,,,,,,,,,,,,,,,,,,,,,
Number of networks:,162,,,,,,,,,,,,,,,,,,,,,,,,,,,,,,,,,,,,,,,,,,,,,,,,,,,,
Number of methods:,52,,,,,,,,,,,,,,,,,,,,,,,,,,,,,,,,,,,,,,,,,,,,,,,,,,,,
,,,,,,,,,,,,,,,,,,,,,,,,,,,,,,,,,,,,,,,,,,,,,,,,,,,,,
Methods (see legend below): ,,CPX_T-0.0001_ILP_flow,CPX_T-0.0001_ILP_flow_strong,CPX_T-0.0001_Std,CPX_F_T-0.0001_Std,CPX_T-0.0001_Std_Decomp,CPX_F_T-0.0001_Std_Decomp,CPX_T-0.0001_Fisch,CPX_F_T-0.0001_Fisch,CPX_U_T-0.0001_Fisch,CPX_F_U_T-0.0001_Fisch,CPX_T-0.0001_StatBS,CPX_F_T-0.0001_StatBS,CPX_U_T-0.0001_StatBS,CPX_F_U_T-0.0001_StatBS,CPX_G-0.1_M-1_T-0.0001_AdaptBS,CPX_F_G-0.1_M-1_T-0.0001_AdaptBS,CPX_G-0.5_M-1_T-0.0001_AdaptBS,CPX_F_G-0.5_M-1_T-0.0001_AdaptBS,CPX_M-1_T-0.0001_AdaptBS,CPX_F_M-1_T-0.0001_AdaptBS,CPX_E-2_T-0.0001_Seo,CPX_F_E-2_T-0.0001_Seo,CPX_E-4_T-0.0001_Seo,CPX_F_E-4_T-0.0001_Seo,CPX_R-0_T-0.0001_HT,CPX_F_R-0_T-0.0001_HT,CPX_R-1_T-0.0001_HT,CPX_F_R-1_T-0.0001_HT,CPX_R-2_T-0.0001_HT,CPX_F_R-2_T-0.0001_HT,CPX_P-1.0_L-0.5_A_T-0.0001_MW,CPX_F_P-1.0_L-0.5_A_T-0.0001_MW,CPX_P-1.0_L-0.5_T-0.0001_Papa,CPX_F_P-1.0_L-0.5_T-0.0001_Papa,CPX_H-0.1_G-0.1_M-1_T-0.0001_Glomb,CPX_F_H-0.1_G-0.1_M-1_T-0.0001_Glomb,CPX_H-0.1_G-0.25_M-1_T-0.0001_Glomb,CPX_F_H-0.1_G-0.25_M-1_T-0.0001_Glomb,CPX_H-0.1_G-0.75_M-1_T-0.0001_Glomb,CPX_F_H-0.1_G-0.75_M-1_T-0.0001_Glomb,CPX_H-0.5_G-0.1_M-1_T-0.0001_Glomb,CPX_F_H-0.5_G-0.1_M-1_T-0.0001_Glomb,CPX_H-0.5_G-0.25_M-1_T-0.0001_Glomb,CPX_F_H-0.5_G-0.25_M-1_T-0.0001_Glomb,CPX_H-0.5_G-0.75_M-1_T-0.0001_Glomb,CPX_F_H-0.5_G-0.75_M-1_T-0.0001_Glomb,CPX_H-0.9_G-0.1_M-1_T-0.0001_Glomb,CPX_F_H-0.9_G-0.1_M-1_T-0.0001_Glomb,CPX_H-0.9_G-0.25_M-1_T-0.0001_Glomb,CPX_F_H-0.9_G-0.25_M-1_T-0.0001_Glomb,CPX_H-0.9_G-0.75_M-1_T-0.0001_Glomb,CPX_F_H-0.9_G-0.75_M-1_T-0.0001_Glomb
,,,,,,,,,,,,,,,,,,,,,,,,,,,,,,,,,,,,,,,,,,,,,,,,,,,,,
Number of valid computations:,,153,153,0,0,0,140,136,138,144,146,136,133,149,146,0,0,0,0,0,133,0,42,0,0,0,0,137,128,135,130,0,142,0,0,0,0,0,0,0,0,148,0,0,0,0,0,0,0,0,0,0,0
Ratio of valid computations:,,0.944444444,0.944444444,0,0,0,0.864197531,0.839506173,0.851851852,0.888888889,0.901234568,0.839506173,0.820987654,0.919753086,0.901234568,0,0,0,0,0,0.820987654,0,0.259259259,0,0,0,0,0.845679012,0.790123457,0.833333333,0.802469136,0,0.87654321,0,0,0,0,0,0,0,0,0.913580247,0,0,0,0,0,0,0,0,0,0,0
,,,,,,,,,,,,,,,,,,,,,,,,,,,,,,,,,,,,,,,,,,,,,,,,,,,,,
Number of invalid computations:,,9,9,162,162,162,22,26,24,18,16,26,29,13,16,162,162,162,162,162,29,162,120,162,162,162,162,25,34,27,32,162,20,162,162,162,162,162,162,162,162,14,162,162,162,162,162,162,162,162,162,162,162
Ratio of invalid computations:,,0.055555556,0.055555556,1,1,1,0.135802469,0.160493827,0.148148148,0.111111111,0.098765432,0.160493827,0.179012346,0.080246914,0.098765432,1,1,1,1,1,0.179012346,1,0.740740741,1,1,1,1,0.154320988,0.209876543,0.166666667,0.197530864,1,0.12345679,1,1,1,1,1,1,1,1,0.086419753,1,1,1,1,1,1,1,1,1,1,1
,,,,,,,,,,,,,,,,,,,,,,,,,,,,,,,,,,,,,,,,,,,,,,,,,,,,,
Block A: Report on networks solvable inside the time limit (36000s) through at least one Benders method,,,,,,,,,,,,,,,,,,,,,,,,,,,,,,,,,,,,,,,,,,,,,,,,,,,,,
,,,,,,,,,,,,,,,,,,,,,,,,,,,,,,,,,,,,,,,,,,,,,,,,,,,,,
Number of valid computations on Benders solvable networks:,,89,89,0,0,0,77,73,76,84,85,78,73,87,86,0,0,0,0,0,85,0,18,0,0,0,0,81,75,77,70,0,80,0,0,0,0,0,0,0,0,84,0,0,0,0,0,0,0,0,0,0,0
Ratio of valid computations on Benders solvable networks:,,0.549382716,0.549382716,0,0,0,0.475308642,0.450617284,0.469135802,0.518518519,0.524691358,0.481481481,0.450617284,0.537037037,0.530864198,0,0,0,0,0,0.524691358,0,0.111111111,0,0,0,0,0.5,0.462962963,0.475308642,0.432098765,0,0.49382716,0,0,0,0,0,0,0,0,0.518518519,0,0,0,0,0,0,0,0,0,0,0
,,,,,,,,,,,,,,,,,,,,,,,,,,,,,,,,,,,,,,,,,,,,,,,,,,,,,
Block A1: Computations with methods finishing inside time limit (36000s) about networks in Block A,,,,,,,,,,,,,,,,,,,,,,,,,,,,,,,,,,,,,,,,,,,,,,,,,,,,,
,,,,,,,,,,,,,,,,,,,,,,,,,,,,,,,,,,,,,,,,,,,,,,,,,,,,,
Number of valid computations:,,89,89,0,0,0,64,56,61,68,73,60,71,70,86,0,0,0,0,0,67,0,6,0,0,0,0,62,70,59,67,0,60,0,0,0,0,0,0,0,0,70,0,0,0,0,0,0,0,0,0,0,0
Ratio of valid computations:,,0.549382716,0.549382716,0,0,0,0.395061728,0.345679012,0.37654321,0.419753086,0.450617284,0.37037037,0.438271605,0.432098765,0.530864198,0,0,0,0,0,0.413580247,0,0.037037037,0,0,0,0,0.382716049,0.432098765,0.364197531,0.413580247,0,0.37037037,0,0,0,0,0,0,0,0,0.432098765,0,0,0,0,0,0,0,0,0,0,0
Relative distance to minimum computation time:,,,,,,,,,,,,,,,,,,,,,,,,,,,,,,,,,,,,,,,,,,,,,,,,,,,,,
,mean:,-0.839367831,-0.842020763,nan,nan,nan,40.56534106,27.79323756,38.00143131,25.04006179,20.76876484,22.98067165,2.825985275,32.0464781,2.187049884,nan,nan,nan,nan,nan,49.67413991,nan,19.57374751,nan,nan,nan,nan,35.58168924,8.767513004,36.86752135,3.219876462,nan,97.52746862,nan,nan,nan,nan,nan,nan,nan,nan,29.3759486,nan,nan,nan,nan,nan,nan,nan,nan,nan,nan,nan
,std error of mean:,0.026228618,0.028441504,nan,nan,nan,11.76321678,9.792639826,15.3083708,8.652659958,6.457614797,8.865406563,0.934525755,12.71223861,0.486840121,nan,nan,nan,nan,nan,21.9754842,nan,13.43160735,nan,nan,nan,nan,14.50205192,3.155794867,20.8354345,1.090632428,nan,36.10967569,nan,nan,nan,nan,nan,nan,nan,nan,11.13250958,nan,nan,nan,nan,nan,nan,nan,nan,nan,nan,nan
,0.25 quantile:,-0.985904394,-0.987491838,nan,nan,nan,0,0.969470417,0.92078694,1.259191276,1.456057525,0.940652895,0,1.341514674,0.158291309,nan,nan,nan,nan,nan,1.55618924,nan,3.616573253,nan,nan,nan,nan,1.92655125,0.825219287,1.44387938,0.036276653,nan,3.971477851,nan,nan,nan,nan,nan,nan,nan,nan,0.582732411,nan,nan,nan,nan,nan,nan,nan,nan,nan,nan,nan
,median:,-0.918525223,-0.933498569,nan,nan,nan,6.315995071,2.399343752,3.301327227,4.299269867,4.214440185,2.786077607,0.222528646,4.201150103,0.504626638,nan,nan,nan,nan,nan,4.354570637,nan,5.776021834,nan,nan,nan,nan,4.158112873,1.734759664,3.649778031,0.291843796,nan,20.45573679,nan,nan,nan,nan,nan,nan,nan,nan,2.972491968,nan,nan,nan,nan,nan,nan,nan,nan,nan,nan,nan
,0.75 quantile:,-0.805264972,-0.819329452,nan,nan,nan,34.36861029,9.843241442,17.07163339,11.4160205,12.68462001,15.93483301,0.726784076,12.7401175,1.614867138,nan,nan,nan,nan,nan,19.75042594,nan,7.302358119,nan,nan,nan,nan,17.03281805,4.065353659,19.03868767,1.062262302,nan,75.92868818,nan,nan,nan,nan,nan,nan,nan,nan,11.08016874,nan,nan,nan,nan,nan,nan,nan,nan,nan,nan,nan
Relative distance to minimum number of nodes:,,,,,,,,,,,,,,,,,,,,,,,,,,,,,,,,,,,,,,,,,,,,,,,,,,,,,
,mean:,-0.984637712,-0.987851179,nan,nan,nan,inf,inf,inf,inf,inf,inf,0.648174855,inf,inf,nan,nan,nan,nan,nan,inf,nan,inf,nan,nan,nan,nan,inf,inf,inf,0.970115331,nan,inf,nan,nan,nan,nan,nan,nan,nan,nan,inf,nan,nan,nan,nan,nan,nan,nan,nan,nan,nan,nan
,std error of mean:,0.002884241,0.002243724,nan,nan,nan,nan,nan,nan,nan,nan,nan,0.126159455,nan,nan,nan,nan,nan,nan,nan,nan,nan,nan,nan,nan,nan,nan,nan,nan,nan,0.262282492,nan,nan,nan,nan,nan,nan,nan,nan,nan,nan,nan,nan,nan,nan,nan,nan,nan,nan,nan,nan,nan,nan
,0.25 quantile:,-1,-1,nan,nan,nan,4.054758137,0.771223676,0.506269284,0.520771185,0.528706395,0.375945988,0.045944866,0.473660994,0,nan,nan,nan,nan,nan,2.094496475,nan,3.567610318,nan,nan,nan,nan,0.665565085,0.17533326,0.628446968,0.014044944,nan,3.613894309,nan,nan,nan,nan,nan,nan,nan,nan,0.930873765,nan,nan,nan,nan,nan,nan,nan,nan,nan,nan,nan
,median:,-0.995414564,-0.997015998,nan,nan,nan,11.92156384,1.617004123,2.316481294,1.696787706,1.141851805,1.535275342,0.255485893,1.75759533,0.141499472,nan,nan,nan,nan,nan,4.38194167,nan,17.42427536,nan,nan,nan,nan,2.314661457,0.367003367,1.792332268,0.326050104,nan,13.82660159,nan,nan,nan,nan,nan,nan,nan,nan,2.847936814,nan,nan,nan,nan,nan,nan,nan,nan,nan,nan,nan
,0.75 quantile:,-0.98260973,-0.984460449,nan,nan,nan,30.44595485,12.8987037,11.57407407,12.42668354,7.041674515,9.602708267,0.651376147,12.2567384,0.576388889,nan,nan,nan,nan,nan,13.85411052,nan,nan,nan,nan,nan,nan,13.04820302,0.90443686,12.74007487,0.722222222,nan,35.66781379,nan,nan,nan,nan,nan,nan,nan,nan,13.39358846,nan,nan,nan,nan,nan,nan,nan,nan,nan,nan,nan
Relative distance to minimum number of subproblems:,,,,,,,,,,,,,,,,,,,,,,,,,,,,,,,,,,,,,,,,,,,,,,,,,,,,,
,mean:,,,nan,nan,nan,5.322645939,4.519042272,5.016706657,3.59902736,2.3209641,4.758957504,0.767253592,4.578250894,0.081287369,nan,nan,nan,nan,nan,5.132169209,nan,49.62991499,nan,nan,nan,nan,6.716926152,0.747303243,6.720953407,1.594199972,nan,8.218242418,nan,nan,nan,nan,nan,nan,nan,nan,11.3469537,nan,nan,nan,nan,nan,nan,nan,nan,nan,nan,nan
,std error of mean:,,,nan,nan,nan,0.826964721,0.91891488,1.095546512,0.770018194,0.490859707,0.858943391,0.126978355,0.909969968,0.016832957,nan,nan,nan,nan,nan,1.464103217,nan,31.00786748,nan,nan,nan,nan,1.369898772,0.126624604,1.329515406,0.297414509,nan,0.866629043,nan,nan,nan,nan,nan,nan,nan,nan,2.493380423,nan,nan,nan,nan,nan,nan,nan,nan,nan,nan,nan
,0.25 quantile:,,,nan,nan,nan,1.613837312,0.791764783,0.71754107,0.428733766,0.297619048,0.898670453,0.117879094,0.329575379,0,nan,nan,nan,nan,nan,1.38306674,nan,10.73921099,nan,nan,nan,nan,0.916494666,0.132983508,1.105701411,0.187478047,nan,2.704916008,nan,nan,nan,nan,nan,nan,nan,nan,1.254716981,nan,nan,nan,nan,nan,nan,nan,nan,nan,nan,nan
,median:,,,nan,nan,nan,4.106781585,1.831984348,1.642857143,0.961263579,0.699421965,2.044016184,0.33863275,1.091647987,0,nan,nan,nan,nan,nan,2.41,nan,20.55615862,nan,nan,nan,nan,2.191750279,0.381988076,2.413043478,0.710526316,nan,6.392112615,nan,nan,nan,nan,nan,nan,nan,nan,3.849159473,nan,nan,nan,nan,nan,nan,nan,nan,nan,nan,nan
,0.75 quantile:,,,nan,nan,nan,6.413495316,4.328515625,5.579234973,4.219474153,2.322580645,4.93755913,0.989643306,5.127592166,0.087694704,nan,nan,nan,nan,nan,4.488457642,nan,26.43924783,nan,nan,nan,nan,7.720386402,1.001526595,7.937728938,1.399035776,nan,11.80591439,nan,nan,nan,nan,nan,nan,nan,nan,9.46979455,nan,nan,nan,nan,nan,nan,nan,nan,nan,nan,nan
Relative distance to minimum number of feasibility cuts:,,,,,,,,,,,,,,,,,,,,,,,,,,,,,,,,,,,,,,,,,,,,,,,,,,,,,
,mean:,,,nan,nan,nan,inf,inf,inf,inf,inf,inf,inf,inf,inf,nan,nan,nan,nan,nan,inf,nan,inf,nan,nan,nan,nan,inf,inf,inf,inf,nan,inf,nan,nan,nan,nan,nan,nan,nan,nan,inf,nan,nan,nan,nan,nan,nan,nan,nan,nan,nan,nan
,std error of mean:,,,nan,nan,nan,nan,nan,nan,nan,nan,nan,nan,nan,nan,nan,nan,nan,nan,nan,nan,nan,nan,nan,nan,nan,nan,nan,nan,nan,nan,nan,nan,nan,nan,nan,nan,nan,nan,nan,nan,nan,nan,nan,nan,nan,nan,nan,nan,nan,nan,nan,nan
,0.25 quantile:,,,nan,nan,nan,5.923076923,0.927197802,0.833333333,0.660714286,0.666666667,0.2875,0,0.308333333,0,nan,nan,nan,nan,nan,0.563157895,nan,97.9,nan,nan,nan,nan,0.333333333,0,0.333333333,0.102777778,nan,6.382867133,nan,nan,nan,nan,nan,nan,nan,nan,1.06072695,nan,nan,nan,nan,nan,nan,nan,nan,nan,nan,nan
,median:,,,nan,nan,nan,20.74509804,1.507575758,1.5,1.252659574,1.425531915,0.69047619,0.171568627,0.711702128,0.117647059,nan,nan,nan,nan,nan,1.244444444,nan,118.8,nan,nan,nan,nan,0.767857143,0.178571429,0.857142857,0.330128205,nan,21.10416667,nan,nan,nan,nan,nan,nan,nan,nan,1.93844697,nan,nan,nan,nan,nan,nan,nan,nan,nan,nan,nan
,0.75 quantile:,,,nan,nan,nan,60.73946886,2.58961039,2.636363636,2.324404762,2.404255319,1.446428571,0.5,1.553571429,0.29787234,nan,nan,nan,nan,nan,2.154255319,nan,nan,nan,nan,nan,nan,1.442636986,0.529411765,1.416071429,0.5875,nan,52.34970238,nan,nan,nan,nan,nan,nan,nan,nan,4.25,nan,nan,nan,nan,nan,nan,nan,nan,nan,nan,nan
Relative distance to minimum number of optimality cuts:,,,,,,,,,,,,,,,,,,,,,,,,,,,,,,,,,,,,,,,,,,,,,,,,,,,,,
,mean:,,,nan,nan,nan,3.857885097,5.216657472,5.596381463,4.063746514,2.503721616,5.811914705,1.077663377,5.209330641,0.137840908,nan,nan,nan,nan,nan,6.772285907,nan,38.53084621,nan,nan,nan,nan,9.193061603,1.02791622,7.999759313,2.909906324,nan,5.189419119,nan,nan,nan,nan,nan,nan,nan,nan,12.99224696,nan,nan,nan,nan,nan,nan,nan,nan,nan,nan,nan
,std error of mean:,,,nan,nan,nan,0.701211196,1.030717054,1.212663719,0.871748523,0.524423371,0.999599479,0.182446986,1.019724557,0.032714047,nan,nan,nan,nan,nan,2.290779943,nan,25.40545076,nan,nan,nan,nan,2.68319375,0.18289164,1.486237954,0.83900551,nan,0.946833236,nan,nan,nan,nan,nan,nan,nan,nan,2.811765149,nan,nan,nan,nan,nan,nan,nan,nan,nan,nan,nan
,0.25 quantile:,,,nan,nan,nan,0.929315476,1.131930137,0.8375,0.40624454,0.3,1.320464974,0.146742155,0.51315191,0,nan,nan,nan,nan,nan,1.968577637,nan,9.608327192,nan,nan,nan,nan,1.222010309,0.186674095,1.404001521,0.211463415,nan,1.152901786,nan,nan,nan,nan,nan,nan,nan,nan,1.85625,nan,nan,nan,nan,nan,nan,nan,nan,nan,nan,nan
,median:,,,nan,nan,nan,2.730015921,2.344623656,2,1.272777778,0.8,2.53706672,0.522151899,1.423084223,0,nan,nan,nan,nan,nan,2.888888889,nan,12.62348668,nan,nan,nan,nan,2.970079476,0.470833333,2.9,0.831288344,nan,2.975207917,nan,nan,nan,nan,nan,nan,nan,nan,4.386828645,nan,nan,nan,nan,nan,nan,nan,nan,nan,nan,nan
,0.75 quantile:,,,nan,nan,nan,4.505208333,4.900532822,5.729166667,4.186507937,2.32208589,6.346722114,1.437068327,5.784937888,0.118288591,nan,nan,nan,nan,nan,4.846232574,nan,17.07366071,nan,nan,nan,nan,9.148480311,1.235674442,11.04746377,1.52148333,nan,6.823045054,nan,nan,nan,nan,nan,nan,nan,nan,11.00830948,nan,nan,nan,nan,nan,nan,nan,nan,nan,nan,nan
Relative distance to minimum number of cuts:,,,,,,,,,,,,,,,,,,,,,,,,,,,,,,,,,,,,,,,,,,,,,,,,,,,,,
,mean:,,,nan,nan,nan,5.560131387,4.79637707,5.321120872,3.776876255,2.397685955,4.996035729,0.808302118,4.806270369,0.072840532,nan,nan,nan,nan,nan,5.56484113,nan,55.04574509,nan,nan,nan,nan,7.10937429,0.78607729,7.178196872,1.694021347,nan,6.205232023,nan,nan,nan,nan,nan,nan,nan,nan,11.94678236,nan,nan,nan,nan,nan,nan,nan,nan,nan,nan,nan
,std error of mean:,,,nan,nan,nan,0.88471092,0.979099283,1.171929368,0.813189046,0.507894328,0.897035992,0.133820863,0.961195265,0.016243868,nan,nan,nan,nan,nan,1.71279797,nan,34.44445842,nan,nan,nan,nan,1.448229854,0.141660809,1.437789565,0.317130523,nan,0.695449488,nan,nan,nan,nan,nan,nan,nan,nan,2.609755944,nan,nan,nan,nan,nan,nan,nan,nan,nan,nan,nan
,0.25 quantile:,,,nan,nan,nan,1.62186882,0.828407617,0.739193084,0.412755102,0.342857143,0.904436857,0.115079365,0.330797774,0,nan,nan,nan,nan,nan,1.444249342,nan,11.95349147,nan,nan,nan,nan,0.924979984,0.119676994,1.132398856,0.189968639,nan,1.819314721,nan,nan,nan,nan,nan,nan,nan,nan,1.390563045,nan,nan,nan,nan,nan,nan,nan,nan,nan,nan,nan
,median:,,,nan,nan,nan,4.199356566,1.932948718,1.833698031,1,0.698224852,2.040463015,0.345327605,1.132281835,0,nan,nan,nan,nan,nan,2.461538462,nan,23.34060828,nan,nan,nan,nan,2.293244925,0.388111444,2.558139535,0.722826087,nan,5.463053585,nan,nan,nan,nan,nan,nan,nan,nan,4.142857143,nan,nan,nan,nan,nan,nan,nan,nan,nan,nan,nan
,0.75 quantile:,,,nan,nan,nan,6.998747913,4.43989071,5.638461538,4.235576923,2.571428571,5.370805369,1.037635613,5.207589286,0.05616594,nan,nan,nan,nan,nan,4.608847702,nan,28.57841981,nan,nan,nan,nan,8.312877382,0.958301358,8.76028169,1.473802676,nan,9.040804685,nan,nan,nan,nan,nan,nan,nan,nan,10.38772301,nan,nan,nan,nan,nan,nan,nan,nan,nan,nan,nan
Relative distance to minimum time spent in subproblems:,,,,,,,,,,,,,,,,,,,,,,,,,,,,,,,,,,,,,,,,,,,,,,,,,,,,,
,mean,,,nan,nan,nan,2.40428777,11.80982193,12.59403083,7.892343248,8.483297256,7.514262896,3.012618519,10.28254951,2.581874682,nan,nan,nan,nan,nan,22.2518472,nan,23.42954548,nan,nan,nan,nan,13.05827526,9.668625263,9.138682831,3.4201258,nan,21.36433682,nan,nan,nan,nan,nan,nan,nan,nan,9.076752463,nan,nan,nan,nan,nan,nan,nan,nan,nan,nan,nan
,std error of mean:,,,nan,nan,nan,0.88583631,3.659739229,3.780093583,1.68519821,1.378514729,1.6408977,0.946671172,2.176052352,0.508961688,nan,nan,nan,nan,nan,12.16917032,nan,17.07808217,nan,nan,nan,nan,3.42292563,3.167133146,2.634894559,1.104367821,nan,3.530740057,nan,nan,nan,nan,nan,nan,nan,nan,2.792857618,nan,nan,nan,nan,nan,nan,nan,nan,nan,nan,nan
,0.25 quantile:,,,nan,nan,nan,0,1.037835651,1.012134075,1.768688338,2.016790415,0.842353764,0,2.002323767,0.28124018,nan,nan,nan,nan,nan,0.966664313,nan,3.335323883,nan,nan,nan,nan,2.113691736,1.158642167,0.977447052,0.023330841,nan,3.825345076,nan,nan,nan,nan,nan,nan,nan,nan,0.59961433,nan,nan,nan,nan,nan,nan,nan,nan,nan,nan,nan
,median:,,,nan,nan,nan,0.404044769,2.017956501,2.418796844,3.960342644,4.108885818,2.674904498,0.306360801,4.650348577,0.916566592,nan,nan,nan,nan,nan,1.786660361,nan,5.542523681,nan,nan,nan,nan,4.613863724,2.53415279,3.947557511,0.35108494,nan,10.93647013,nan,nan,nan,nan,nan,nan,nan,nan,2.105837009,nan,nan,nan,nan,nan,nan,nan,nan,nan,nan,nan
,0.75 quantile:,,,nan,nan,nan,2.485317529,7.603065473,9.482180946,7.620338915,8.811143892,10.34005298,0.978688121,7.974571448,2.255431902,nan,nan,nan,nan,nan,5.123354854,nan,7.30837339,nan,nan,nan,nan,11.04194993,5.469980186,8.78588846,1.488979142,nan,23.48136844,nan,nan,nan,nan,nan,nan,nan,nan,6.401944263,nan,nan,nan,nan,nan,nan,nan,nan,nan,nan,nan
Relative distance to minimum of maximum resident memory size:,,,,,,,,,,,,,,,,,,,,,,,,,,,,,,,,,,,,,,,,,,,,,,,,,,,,,
,mean:,,,nan,nan,nan,15.14074264,6.277930154,7.291808577,7.567050068,7.21376391,7.906188776,0.190649219,9.197495729,0.141367069,nan,nan,nan,nan,nan,9.013603612,nan,0.278814218,nan,nan,nan,nan,9.159945889,0.216161703,9.425274973,0.176366209,nan,20.92561227,nan,nan,nan,nan,nan,nan,nan,nan,9.536890487,nan,nan,nan,nan,nan,nan,nan,nan,nan,nan,nan
,std error of mean:,,,nan,nan,nan,3.456579904,2.325792203,3.368223515,2.4428098,2.393120161,2.744836537,0.048555606,3.055632214,0.022230554,nan,nan,nan,nan,nan,2.179732866,nan,0.062934053,nan,nan,nan,nan,3.080390159,0.033615666,3.263912007,0.041786625,nan,5.209163395,nan,nan,nan,nan,nan,nan,nan,nan,2.918090404,nan,nan,nan,nan,nan,nan,nan,nan,nan,nan,nan
,0.25 quantile:,,,nan,nan,nan,0.253957224,0.065625,0.12878418,0.081279681,0.076923077,0.070264544,0,0.108468,0,nan,nan,nan,nan,nan,0.287886119,nan,0.179526193,nan,nan,nan,nan,0.093981934,0.053985654,0.105811444,0.024103805,nan,0.330034528,nan,nan,nan,nan,nan,nan,nan,nan,0.241524833,nan,nan,nan,nan,nan,nan,nan,nan,nan,nan,nan
,median:,,,nan,nan,nan,0.704706916,0.175914418,0.286870448,0.25478766,0.235294118,0.193318336,0.102260638,0.212440191,0.066666667,nan,nan,nan,nan,nan,0.770385742,nan,0.260977609,nan,nan,nan,nan,0.271634615,0.12507512,0.234095982,0.102276086,nan,1.133803971,nan,nan,nan,nan,nan,nan,nan,nan,0.588203829,nan,nan,nan,nan,nan,nan,nan,nan,nan,nan,nan
,0.75 quantile:,,,nan,nan,nan,16.7687418,1.60343315,1.352941176,1.266409694,1.157894737,2.224460578,0.157756731,2.468886349,0.16399042,nan,nan,nan,nan,nan,6.374313685,nan,0.327268655,nan,nan,nan,nan,2.242420682,0.261319001,2.801444522,0.185340576,nan,16.14058069,nan,nan,nan,nan,nan,nan,nan,nan,3.631519518,nan,nan,nan,nan,nan,nan,nan,nan,nan,nan,nan
Relative distance to minimum of maximum virtual memory size:,,,,,,,,,,,,,,,,,,,,,,,,,,,,,,,,,,,,,,,,,,,,,,,,,,,,,
,mean:,,,nan,nan,nan,4.314513832,1.303640204,2.121037539,1.95947728,2.03784935,1.993111222,0.065380276,2.289310239,0.042257932,nan,nan,nan,nan,nan,2.788781114,nan,0.025347691,nan,nan,nan,nan,2.240523378,0.079495081,2.332319202,0.073063085,nan,5.453663773,nan,nan,nan,nan,nan,nan,nan,nan,2.308984257,nan,nan,nan,nan,nan,nan,nan,nan,nan,nan,nan
,std error of mean:,,,nan,nan,nan,0.973492399,0.416513711,1.011793965,0.685824849,0.661719919,0.669177729,0.022471268,0.717689052,0.010743706,nan,nan,nan,nan,nan,0.69855536,nan,0.005849667,nan,nan,nan,nan,0.709443628,0.023273083,0.750247732,0.029764098,nan,1.268215605,nan,nan,nan,nan,nan,nan,nan,nan,0.647541617,nan,nan,nan,nan,nan,nan,nan,nan,nan,nan,nan
,0.25 quantile:,,,nan,nan,nan,0.01404781,0.000914931,0.005932929,0.002458286,0.003815743,0.000409528,0,0.002160127,0.000211697,nan,nan,nan,nan,nan,0.030358819,nan,0.014426747,nan,nan,nan,nan,0.003161987,0.001845454,0.002880547,0.001086045,nan,0.031010064,nan,nan,nan,nan,nan,nan,nan,nan,0.022784857,nan,nan,nan,nan,nan,nan,nan,nan,nan,nan,nan
,median:,,,nan,nan,nan,0.141641158,0.011547954,0.048426325,0.027169395,0.011757559,0.010342614,0.004977036,0.022202286,0.003166724,nan,nan,nan,nan,nan,0.096664345,nan,0.02318274,nan,nan,nan,nan,0.021346978,0.005978816,0.016021075,0.006041883,nan,0.199281736,nan,nan,nan,nan,nan,nan,nan,nan,0.089851638,nan,nan,nan,nan,nan,nan,nan,nan,nan,nan,nan
,0.75 quantile:,,,nan,nan,nan,4.535996568,0.699350895,0.50103006,0.547032845,0.313507461,0.66833786,0.040377497,0.769174884,0.025899359,nan,nan,nan,nan,nan,1.405292728,nan,0.033816925,nan,nan,nan,nan,0.985585579,0.062119,1.412438639,0.048699641,nan,3.293867399,nan,nan,nan,nan,nan,nan,nan,nan,0.786021324,nan,nan,nan,nan,nan,nan,nan,nan,nan,nan,nan
,,,,,,,,,,,,,,,,,,,,,,,,,,,,,,,,,,,,,,,,,,,,,,,,,,,,,
Block A2: Computations with methods reaching time limit (36000s) about networks in Block A,,,,,,,,,,,,,,,,,,,,,,,,,,,,,,,,,,,,,,,,,,,,,,,,,,,,,
,,,,,,,,,,,,,,,,,,,,,,,,,,,,,,,,,,,,,,,,,,,,,,,,,,,,,
Number of valid computations:,,0,0,0,0,0,13,17,15,16,12,18,2,17,0,0,0,0,0,0,18,0,12,0,0,0,0,19,5,18,3,0,20,0,0,0,0,0,0,0,0,14,0,0,0,0,0,0,0,0,0,0,0
Ratio of valid computations:,,0,0,0,0,0,0.080246914,0.104938272,0.092592593,0.098765432,0.074074074,0.111111111,0.012345679,0.104938272,0,0,0,0,0,0,0.111111111,0,0.074074074,0,0,0,0,0.117283951,0.030864198,0.111111111,0.018518519,0,0.12345679,0,0,0,0,0,0,0,0,0.086419753,0,0,0,0,0,0,0,0,0,0,0
Relative distance to minimum relative gap:,,,,,,,,,,,,,,,,,,,,,,,,,,,,,,,,,,,,,,,,,,,,,,,,,,,,,
,mean:,nan,nan,nan,nan,nan,31.19302673,14.09543485,2.964809247,12.40466848,3.255502437,10.64550782,0.318932909,12.70632703,nan,nan,nan,nan,nan,nan,14.58353042,nan,10.72161126,nan,nan,nan,nan,11.66029341,5.155630161,9.447439507,0.793446011,nan,23.80563107,nan,nan,nan,nan,nan,nan,nan,nan,8.949459967,nan,nan,nan,nan,nan,nan,nan,nan,nan,nan,nan
,std error of mean:,nan,nan,nan,nan,nan,14.90434666,9.09436299,1.566326661,7.233252718,2.064870336,6.613966942,0.225519622,8.440053106,nan,nan,nan,nan,nan,nan,10.24401154,nan,7.528393985,nan,nan,nan,nan,7.380028865,3.807961161,5.483257229,0.52940189,nan,10.29066401,nan,nan,nan,nan,nan,nan,nan,nan,5.149844043,nan,nan,nan,nan,nan,nan,nan,nan,nan,nan,nan
,0.25 quantile:,nan,nan,nan,nan,nan,0,1.007197052,0.069844734,0.937196881,0.211736094,0.902079177,0.159466454,0.678838475,nan,nan,nan,nan,nan,nan,0,nan,0,nan,nan,nan,nan,0.648335697,0.15540285,0.683623322,0.150947368,nan,0.204579109,nan,nan,nan,nan,nan,nan,nan,nan,0.907601082,nan,nan,nan,nan,nan,nan,nan,nan,nan,nan,nan
,median:,nan,nan,nan,nan,nan,4.668432222,2.264199503,0.462718956,1.527742838,0.544677721,1.665100171,0.318932909,1.529308878,nan,nan,nan,nan,nan,nan,2.624665393,nan,0.978106482,nan,nan,nan,nan,1.261699915,1.538157495,1.563372257,0.301894737,nan,1.23622433,nan,nan,nan,nan,nan,nan,nan,nan,2.170685596,nan,nan,nan,nan,nan,nan,nan,nan,nan,nan,nan
,0.75 quantile:,nan,nan,nan,nan,nan,37.98081505,3.57064805,1.743010384,6.089206019,1.326917853,3.430848243,0.478399363,4.06629393,nan,nan,nan,nan,nan,nan,7.533958108,nan,4.066672592,nan,nan,nan,nan,4.090551353,1.967748358,5.131018686,1.190169016,nan,20.22018972,nan,nan,nan,nan,nan,nan,nan,nan,3.476066086,nan,nan,nan,nan,nan,nan,nan,nan,nan,nan,nan
Relative distance to minimum upper bound:,,,,,,,,,,,,,,,,,,,,,,,,,,,,,,,,,,,,,,,,,,,,,,,,,,,,,
,mean:,nan,nan,nan,nan,nan,0.102908429,0.017393476,0.013431678,0.020837632,0.010030525,0.019531709,0.000887379,0.018546806,nan,nan,nan,nan,nan,nan,0.011580483,nan,0.139584059,nan,nan,nan,nan,0.02628878,0.013173287,0.018131934,0.003410468,nan,0.080603202,nan,nan,nan,nan,nan,nan,nan,nan,0.015060969,nan,nan,nan,nan,nan,nan,nan,nan,nan,nan,nan
,std error of mean:,nan,nan,nan,nan,nan,0.070119523,0.004623412,0.004472005,0.006339435,0.003488307,0.007624516,0.000627472,0.006114169,nan,nan,nan,nan,nan,nan,0.004326691,nan,0.070514108,nan,nan,nan,nan,0.009000365,0.008766349,0.005882169,0.001439873,nan,0.052301764,nan,nan,nan,nan,nan,nan,nan,nan,0.003815257,nan,nan,nan,nan,nan,nan,nan,nan,nan,nan,nan
,0.25 quantile:,nan,nan,nan,nan,nan,0.002050606,0.003707567,6.30E-05,0.003165061,0.000618018,0.001893802,0.000443689,0.000149927,nan,nan,nan,nan,nan,nan,0,nan,0,nan,nan,nan,nan,0.001852578,0.004065887,0.001434939,0.002168592,nan,0.004687034,nan,nan,nan,nan,nan,nan,nan,nan,0.002914179,nan,nan,nan,nan,nan,nan,nan,nan,nan,nan,nan
,median:,nan,nan,nan,nan,nan,0.009541088,0.009970164,0.007651109,0.009027454,0.003472689,0.010141847,0.000887379,0.00470861,nan,nan,nan,nan,nan,nan,0.002455826,nan,0.02322574,nan,nan,nan,nan,0.010641137,0.004176032,0.006337473,0.004337183,nan,0.01501114,nan,nan,nan,nan,nan,nan,nan,nan,0.010412003,nan,nan,nan,nan,nan,nan,nan,nan,nan,nan,nan
,0.75 quantile:,nan,nan,nan,nan,nan,0.057474612,0.023268735,0.017577457,0.028239986,0.018384308,0.015541512,0.001331068,0.021646569,nan,nan,nan,nan,nan,nan,0.015903153,nan,0.101036465,nan,nan,nan,nan,0.030062623,0.005417426,0.022605538,0.005115702,nan,0.039108709,nan,nan,nan,nan,nan,nan,nan,nan,0.025655143,nan,nan,nan,nan,nan,nan,nan,nan,nan,nan,nan
Relative distance to maximum lower bound:,,,,,,,,,,,,,,,,,,,,,,,,,,,,,,,,,,,,,,,,,,,,,,,,,,,,,
,mean:,nan,nan,nan,nan,nan,0.315315003,0.060044491,0.041107079,0.061314434,0.045752997,0.059002844,0.000728313,0.061216829,nan,nan,nan,nan,nan,nan,0.038148087,nan,0.09601132,nan,nan,nan,nan,0.060538455,0.036827614,0.058154002,0.002648913,nan,0.200847304,nan,nan,nan,nan,nan,nan,nan,nan,0.042411326,nan,nan,nan,nan,nan,nan,nan,nan,nan,nan,nan
,std error of mean:,nan,nan,nan,nan,nan,0.106571987,0.011740698,0.012222396,0.012339814,0.01208347,0.012296191,0.000514995,0.013035469,nan,nan,nan,nan,nan,nan,0.009491111,nan,0.069005233,nan,nan,nan,nan,0.01346488,0.030288281,0.012171047,0.002162829,nan,0.071147193,nan,nan,nan,nan,nan,nan,nan,nan,0.011335089,nan,nan,nan,nan,nan,nan,nan,nan,nan,nan,nan
,0.25 quantile:,nan,nan,nan,nan,nan,0.005343029,0.019647727,0.004258669,0.020896976,0.005703843,0.013210025,0.000364157,0.008177168,nan,nan,nan,nan,nan,nan,0.001720395,nan,0,nan,nan,nan,nan,0.006973381,0,0.022288935,0,nan,0.006452548,nan,nan,nan,nan,nan,nan,nan,nan,0.01124332,nan,nan,nan,nan,nan,nan,nan,nan,nan,nan,nan
,median:,nan,nan,nan,nan,nan,0.036929619,0.045461576,0.017217029,0.049846399,0.039562433,0.03916783,0.000728313,0.044090354,nan,nan,nan,nan,nan,nan,0.033188778,nan,0,nan,nan,nan,nan,0.032944173,0.005913728,0.039221946,0,nan,0.031456337,nan,nan,nan,nan,nan,nan,nan,nan,0.028651799,nan,nan,nan,nan,nan,nan,nan,nan,nan,nan,nan
,0.75 quantile:,nan,nan,nan,nan,nan,0.651296596,0.094148413,0.058714471,0.089631179,0.060328032,0.094670012,0.00109247,0.095116206,nan,nan,nan,nan,nan,nan,0.055446422,nan,0.033879013,nan,nan,nan,nan,0.101963277,0.006049141,0.091694562,0.00397337,nan,0.224092222,nan,nan,nan,nan,nan,nan,nan,nan,0.066952935,nan,nan,nan,nan,nan,nan,nan,nan,nan,nan,nan
,,,,,,,,,,,,,,,,,,,,,,,,,,,,,,,,,,,,,,,,,,,,,,,,,,,,,
Block B: Report on networks that cannot be solved inside the time limit (36000s) through any Benders method,,,,,,,,,,,,,,,,,,,,,,,,,,,,,,,,,,,,,,,,,,,,,,,,,,,,,
,,,,,,,,,,,,,,,,,,,,,,,,,,,,,,,,,,,,,,,,,,,,,,,,,,,,,
Number of valid computations:,,64,64,0,0,0,63,63,62,60,61,58,60,62,60,0,0,0,0,0,48,0,24,0,0,0,0,56,53,58,60,0,62,0,0,0,0,0,0,0,0,64,0,0,0,0,0,0,0,0,0,0,0
Ratio of valid computations:,,0.395061728,0.395061728,0,0,0,0.388888889,0.388888889,0.382716049,0.37037037,0.37654321,0.358024691,0.37037037,0.382716049,0.37037037,0,0,0,0,0,0.296296296,0,0.148148148,0,0,0,0,0.345679012,0.327160494,0.358024691,0.37037037,0,0.382716049,0,0,0,0,0,0,0,0,0.395061728,0,0,0,0,0,0,0,0,0,0,0
Relative distance to minimum relative gap:,,,,,,,,,,,,,,,,,,,,,,,,,,,,,,,,,,,,,,,,,,,,,,,,,,,,,
,mean:,-0.979223589,-0.985184692,nan,nan,nan,11.55134402,4.381250186,3.152766438,3.818794912,3.521711648,4.731576665,0.742109329,4.054443522,0.378089787,nan,nan,nan,nan,nan,7.454152551,nan,3.802499643,nan,nan,nan,nan,5.5132191,1.4927786,5.072657577,1.140412402,nan,17.43490773,nan,nan,nan,nan,nan,nan,nan,nan,3.809620518,nan,nan,nan,nan,nan,nan,nan,nan,nan,nan,nan
,std error of mean:,0.004194382,0.003099673,nan,nan,nan,3.613927914,1.069789812,0.613566585,0.911739154,0.700858763,1.095462594,0.335888469,0.895095858,0.108421959,nan,nan,nan,nan,nan,2.449265536,nan,2.232786186,nan,nan,nan,nan,1.241645248,0.685689967,1.12174563,0.73144744,nan,4.613103455,nan,nan,nan,nan,nan,nan,nan,nan,0.894852464,nan,nan,nan,nan,nan,nan,nan,nan,nan,nan,nan
,0.25 quantile:,-0.999195609,-0.999378978,nan,nan,nan,1.744081498,0.65661661,0.659174583,0.708226019,0.76450254,0.887923537,0.017543452,0.732101689,0,nan,nan,nan,nan,nan,1.163491806,nan,0,nan,nan,nan,nan,0.919883011,0.173788705,0.967678254,0.008858278,nan,2.221233938,nan,nan,nan,nan,nan,nan,nan,nan,0.646223165,nan,nan,nan,nan,nan,nan,nan,nan,nan,nan,nan
,median:,-0.99826437,-0.998660953,nan,nan,nan,4.340820078,1.61189738,1.366984397,1.456406972,1.587329018,1.778480061,0.109117485,1.602602337,0.045579689,nan,nan,nan,nan,nan,1.88357155,nan,0.303140178,nan,nan,nan,nan,1.826580954,0.328691509,1.802937582,0.077084619,nan,5.866297467,nan,nan,nan,nan,nan,nan,nan,nan,1.527192466,nan,nan,nan,nan,nan,nan,nan,nan,nan,nan,nan
,0.75 quantile:,-0.970833428,-0.979122796,nan,nan,nan,8.031787845,3.328431241,2.676161872,2.976636024,2.998862581,3.889924388,0.5102853,3.28032645,0.244892164,nan,nan,nan,nan,nan,4.464212954,nan,2.020371383,nan,nan,nan,nan,4.042251372,0.809673086,3.865485227,0.364396521,nan,13.15873649,nan,nan,nan,nan,nan,nan,nan,nan,3.293619167,nan,nan,nan,nan,nan,nan,nan,nan,nan,nan,nan
Relative distance to minimum upper bound:,,,,,,,,,,,,,,,,,,,,,,,,,,,,,,,,,,,,,,,,,,,,,,,,,,,,,
,mean:,-0.06117524,-0.061353011,nan,nan,nan,0.246511459,0.107841,0.088886772,0.12741983,0.134742858,0.182283344,0.042912696,0.166714611,0.03188232,nan,nan,nan,nan,nan,0.213736904,nan,0.068875619,nan,nan,nan,nan,0.196186195,0.055349973,0.187263713,0.035982488,nan,0.31425767,nan,nan,nan,nan,nan,nan,nan,nan,0.105004207,nan,nan,nan,nan,nan,nan,nan,nan,nan,nan,nan
,std error of mean:,0.007300269,0.007338298,nan,nan,nan,0.043468208,0.013951542,0.009934674,0.018206486,0.016114356,0.02133562,0.009118518,0.025696105,0.006761244,nan,nan,nan,nan,nan,0.032021909,nan,0.02457035,nan,nan,nan,nan,0.025583627,0.009539875,0.025624326,0.006891995,nan,0.04404827,nan,nan,nan,nan,nan,nan,nan,nan,0.011714038,nan,nan,nan,nan,nan,nan,nan,nan,nan,nan,nan
,0.25 quantile:,-0.101018539,-0.10151227,nan,nan,nan,0.050028573,0.032239762,0.035992266,0.025167813,0.04423479,0.058619844,0.003482654,0.045434542,0,nan,nan,nan,nan,nan,0.059508848,nan,0,nan,nan,nan,nan,0.062382551,0.008620857,0.057500598,9.11E-05,nan,0.102276568,nan,nan,nan,nan,nan,nan,nan,nan,0.029247011,nan,nan,nan,nan,nan,nan,nan,nan,nan,nan,nan
,median:,-0.041897891,-0.041897891,nan,nan,nan,0.100556522,0.066577839,0.064894926,0.063389134,0.093742101,0.134413363,0.013333458,0.093901071,0.012384678,nan,nan,nan,nan,nan,0.123482505,nan,0.032399697,nan,nan,nan,nan,0.141693684,0.030568293,0.131931451,0.011529591,nan,0.1648104,nan,nan,nan,nan,nan,nan,nan,nan,0.061343721,nan,nan,nan,nan,nan,nan,nan,nan,nan,nan,nan
,0.75 quantile:,-0.014871958,-0.014871958,nan,nan,nan,0.231930651,0.166443085,0.122796673,0.200689146,0.174848745,0.253105211,0.052405156,0.215207503,0.035611929,nan,nan,nan,nan,nan,0.312310448,nan,0.076328482,nan,nan,nan,nan,0.240828816,0.062866583,0.207233025,0.049390747,nan,0.344804946,nan,nan,nan,nan,nan,nan,nan,nan,0.168312112,nan,nan,nan,nan,nan,nan,nan,nan,nan,nan,nan
Relative distance to maximum lower bound:,,,,,,,,,,,,,,,,,,,,,,,,,,,,,,,,,,,,,,,,,,,,,,,,,,,,,
,mean:,-0.108507808,-0.110194214,nan,nan,nan,0.641588813,0.192841179,0.174550759,0.194929999,0.193867457,0.199270984,0.014013658,0.181902027,0.012905988,nan,nan,nan,nan,nan,0.225218098,nan,0.180181976,nan,nan,nan,nan,0.200508311,0.032446456,0.194260713,0.015833401,nan,0.732696163,nan,nan,nan,nan,nan,nan,nan,nan,0.184043864,nan,nan,nan,nan,nan,nan,nan,nan,nan,nan,nan
,std error of mean:,0.010845366,0.011081547,nan,nan,nan,0.030802659,0.012412936,0.014312819,0.0133921,0.014274266,0.013499217,0.00260408,0.01287867,0.002692769,nan,nan,nan,nan,nan,0.014794898,nan,0.055820654,nan,nan,nan,nan,0.013417372,0.004772812,0.013398497,0.002921728,nan,0.021150636,nan,nan,nan,nan,nan,nan,nan,nan,0.012799138,nan,nan,nan,nan,nan,nan,nan,nan,nan,nan,nan
,0.25 quantile:,-0.168497324,-0.169912502,nan,nan,nan,0.57925587,0.126774475,0.086059187,0.107229986,0.096380769,0.114545082,0.00107664,0.101460683,0,nan,nan,nan,nan,nan,0.15154858,nan,0,nan,nan,nan,nan,0.109087449,0.008710579,0.105399427,0.00172112,nan,0.653055659,nan,nan,nan,nan,nan,nan,nan,nan,0.089878642,nan,nan,nan,nan,nan,nan,nan,nan,nan,nan,nan
,median:,-0.081107086,-0.081107086,nan,nan,nan,0.692370772,0.173983293,0.159435901,0.206002659,0.18679584,0.188421302,0.006301591,0.182054487,0.003984075,nan,nan,nan,nan,nan,0.209166732,nan,0.020079479,nan,nan,nan,nan,0.193980139,0.016383788,0.187499433,0.00634969,nan,0.743474633,nan,nan,nan,nan,nan,nan,nan,nan,0.193041795,nan,nan,nan,nan,nan,nan,nan,nan,nan,nan,nan
,0.75 quantile:,-0.047643437,-0.047644143,nan,nan,nan,0.801766496,0.268680746,0.255740601,0.276555659,0.288310148,0.258592806,0.015471179,0.255171536,0.013190346,nan,nan,nan,nan,nan,0.296027887,nan,0.37297702,nan,nan,nan,nan,0.256600989,0.04964539,0.270695456,0.020621971,nan,0.881717502,nan,nan,nan,nan,nan,nan,nan,nan,0.259398667,nan,nan,nan,nan,nan,nan,nan,nan,nan,nan,nan
,,,,,,,,,,,,,,,,,,,,,,,,,,,,,,,,,,,,,,,,,,,,,,,,,,,,,
,,,,,,,,,,,,,,,,,,,,,,,,,,,,,,,,,,,,,,,,,,,,,,,,,,,,,
Legend,,,,,,,,,,,,,,,,,,,,,,,,,,,,,,,,,,,,,,,,,,,,,,,,,,,,,
,,,,,,,,,,,,,,,,,,,,,,,,,,,,,,,,,,,,,,,,,,,,,,,,,,,,,
1 Details of characteristics and measurements,,,,,,,,,,,,,,,,,,,,,,,,,,,,,,,,,,,,,,,,,,,,,,,,,,,,,
,,,,,,,,,,,,,,,,,,,,,,,,,,,,,,,,,,,,,,,,,,,,,,,,,,,,,
instName:,network identifier,,,,,,,,,,,,,,,,,,,,,,,,,,,,,,,,,,,,,,,,,,,,,,,,,,,,
isSolved:,1 if valid solution found before time limit; 0 if valid uprBd and lwrBd were found but solution process interrupted by time limit; -1 if (i) missing or invalid (usually because process failed to find a feasible integral first stage solutionor if (ii) lwrBd == -1 or if (iii) uprBd == -1; -99 if solution process crashed,,,,,,,,,,,,,,,,,,,,,,,,,,,,,,,,,,,,,,,,,,,,,,,,,,,,
totTime:,total time at exit; -1 if invalid or missing; -99 if solution process crashed,,,,,,,,,,,,,,,,,,,,,,,,,,,,,,,,,,,,,,,,,,,,,,,,,,,,
uprBd:,upper bound; -1 if invalid; missing or smaller than lower bound produced by direct ILP solution; -99 if solution process crashed,,,,,,,,,,,,,,,,,,,,,,,,,,,,,,,,,,,,,,,,,,,,,,,,,,,,
lwrBd:,lower bound; -1 if invalid; missing or greater than upper bound produced by direct ILP solution; -99 if solution process crashed,,,,,,,,,,,,,,,,,,,,,,,,,,,,,,,,,,,,,,,,,,,,,,,,,,,,
relGap:,relative gap; -1 if invalid or missing; -99 if solution process crashed,,,,,,,,,,,,,,,,,,,,,,,,,,,,,,,,,,,,,,,,,,,,,,,,,,,,
nbAllNodes:,number of nodes generated; -1 if invalid or missing; -99 if solution process crashed,,,,,,,,,,,,,,,,,,,,,,,,,,,,,,,,,,,,,,,,,,,,,,,,,,,,
nbSubp:,number of cut generating subproblems examined; -1 if invalid or missing; -99 if solution process crashed,,,,,,,,,,,,,,,,,,,,,,,,,,,,,,,,,,,,,,,,,,,,,,,,,,,,
nbFeasCuts:,number of feasibility cuts genreated; -1 if invalid or missing; -99 if solution process crashed,,,,,,,,,,,,,,,,,,,,,,,,,,,,,,,,,,,,,,,,,,,,,,,,,,,,
nbOptCuts:,number of optimality cuts generated; -1 if invalid or missing; -99 if solution process crashed,,,,,,,,,,,,,,,,,,,,,,,,,,,,,,,,,,,,,,,,,,,,,,,,,,,,
nbPosFeasSubp:,number of feasible cut generating subproblems with positive value; -1 if invalid or missing; -99 if solution process crashed,,,,,,,,,,,,,,,,,,,,,,,,,,,,,,,,,,,,,,,,,,,,,,,,,,,,
nbNegFeasSubp:,number of feasible cut generating subproblems with negative value; -1 if invalid or missing; -99 if solution process crashed,,,,,,,,,,,,,,,,,,,,,,,,,,,,,,,,,,,,,,,,,,,,,,,,,,,,
nbNullFeasSubp:,number of feasible cut generating subproblems with null value; -1 if invalid or missing; -99 if solution process crashed,,,,,,,,,,,,,,,,,,,,,,,,,,,,,,,,,,,,,,,,,,,,,,,,,,,,
nbInfeasSp:,number of infeasible cut generating subproblems; -1 if invalid or missing; -99 if solution process crashed,,,,,,,,,,,,,,,,,,,,,,,,,,,,,,,,,,,,,,,,,,,,,,,,,,,,
nbPosUnbdSubp:,number of positively unbounded cut generating subproblems; -1 if invalid or missing; -99 if solution process crashed,,,,,,,,,,,,,,,,,,,,,,,,,,,,,,,,,,,,,,,,,,,,,,,,,,,,
nbNegUnbdSubp:,number of negatively unbounded cut generating subproblems; -1 if invalid or missing; -99 if solution process crashed,,,,,,,,,,,,,,,,,,,,,,,,,,,,,,,,,,,,,,,,,,,,,,,,,,,,
totTimeSubp:,sum of times spent in cut generating subproblems; -1 if invalid or missing; -99 if solution process crashed,,,,,,,,,,,,,,,,,,,,,,,,,,,,,,,,,,,,,,,,,,,,,,,,,,,,
totTimeSqrSubp:,sum of squared times spent in cut generating subproblems; -1 if invalid or missing; -99 if solution process crashed,,,,,,,,,,,,,,,,,,,,,,,,,,,,,,,,,,,,,,,,,,,,,,,,,,,,
maxRssMem:,maximum resident memory size; -1 if invalid or missing; -99 if solution process crashed,,,,,,,,,,,,,,,,,,,,,,,,,,,,,,,,,,,,,,,,,,,,,,,,,,,,
maxVmsMem:,maximum virtual memory size; -1 if invalid or missing; -99 if solution process crashed,,,,,,,,,,,,,,,,,,,,,,,,,,,,,,,,,,,,,,,,,,,,,,,,,,,,
,,,,,,,,,,,,,,,,,,,,,,,,,,,,,,,,,,,,,,,,,,,,,,,,,,,,,
2 Details of methods,,,,,,,,,,,,,,,,,,,,,,,,,,,,,,,,,,,,,,,,,,,,,,,,,,,,,
,,,,,,,,,,,,,,,,,,,,,,,,,,,,,,,,,,,,,,,,,,,,,,,,,,,,,
2.1 Hyperparameters,,,,,,,,,,,,,,,,,,,,,,,,,,,,,,,,,,,,,,,,,,,,,,,,,,,,,
GRB:,use of Gurobi,,,,,,,,,,,,,,,,,,,,,,,,,,,,,,,,,,,,,,,,,,,,,,,,,,,,
CPX:,use of CPLEX,,,,,,,,,,,,,,,,,,,,,,,,,,,,,,,,,,,,,,,,,,,,,,,,,,,,
SCP:,use of SCIP,,,,,,,,,,,,,,,,,,,,,,,,,,,,,,,,,,,,,,,,,,,,,,,,,,,,
T:,relative gap tolerance,,,,,,,,,,,,,,,,,,,,,,,,,,,,,,,,,,,,,,,,,,,,,,,,,,,,
F:,inclusion of strong constraints (in a Benders method),,,,,,,,,,,,,,,,,,,,,,,,,,,,,,,,,,,,,,,,,,,,,,,,,,,,
U:,no inversion between normalization and objective (Fisch and statBS),,,,,,,,,,,,,,,,,,,,,,,,,,,,,,,,,,,,,,,,,,,,,,,,,,,,
G:,relative gap required from Fisch in initial step of adaptBS or Glomb,,,,,,,,,,,,,,,,,,,,,,,,,,,,,,,,,,,,,,,,,,,,,,,,,,,,
M:,number of feasible integer solutions required from Fisch in initial step of adaptBS,,,,,,,,,,,,,,,,,,,,,,,,,,,,,,,,,,,,,,,,,,,,,,,,,,,,
E:,computation procedure of reference point in Seo (2: relaxed solution once initially; 4: relaxed solution at every callback),,,,,,,,,,,,,,,,,,,,,,,,,,,,,,,,,,,,,,,,,,,,,,,,,,,,
R:,metric involved in HT (0: L_inf; 1: L_1; 2: upper bound on L_1),,,,,,,,,,,,,,,,,,,,,,,,,,,,,,,,,,,,,,,,,,,,,,,,,,,,
P:,common value of all elements in initial reference point in MW and Papa,,,,,,,,,,,,,,,,,,,,,,,,,,,,,,,,,,,,,,,,,,,,,,,,,,,,
L:,mixing weight applied when updating reference point in MW and Papa,,,,,,,,,,,,,,,,,,,,,,,,,,,,,,,,,,,,,,,,,,,,,,,,,,,,
H:,mixing weight applied when updating reference point in Glomb,,,,,,,,,,,,,,,,,,,,,,,,,,,,,,,,,,,,,,,,,,,,,,,,,,,,
A:,also add a standard optimality cut whenever a MW optimality cut is added,,,,,,,,,,,,,,,,,,,,,,,,,,,,,,,,,,,,,,,,,,,,,,,,,,,,
,,,,,,,,,,,,,,,,,,,,,,,,,,,,,,,,,,,,,,,,,,,,,,,,,,,,,
2.2 Algorithmic families,,,,,,,,,,,,,,,,,,,,,,,,,,,,,,,,,,,,,,,,,,,,,,,,,,,,,
ILP_flow:,brute force ILP,,,,,,,,,,,,,,,,,,,,,,,,,,,,,,,,,,,,,,,,,,,,,,,,,,,,
ILP_flow_strong:,brute force ILP with inclusion of strong constraints,,,,,,,,,,,,,,,,,,,,,,,,,,,,,,,,,,,,,,,,,,,,,,,,,,,,
Std:,standard Benders,,,,,,,,,,,,,,,,,,,,,,,,,,,,,,,,,,,,,,,,,,,,,,,,,,,,
Std_Decomp:,Benders with flow decomposition of subproblems,,,,,,,,,,,,,,,,,,,,,,,,,,,,,,,,,,,,,,,,,,,,,,,,,,,,
Fisch:,Fischetti et al.,,,,,,,,,,,,,,,,,,,,,,,,,,,,,,,,,,,,,,,,,,,,,,,,,,,,
StatBS:,static Brandenberg-Stursberg,,,,,,,,,,,,,,,,,,,,,,,,,,,,,,,,,,,,,,,,,,,,,,,,,,,,
AdaptBS:,adaptive Brandenberg-Stursberg,,,,,,,,,,,,,,,,,,,,,,,,,,,,,,,,,,,,,,,,,,,,,,,,,,,,
Seo:,Seo et al.,,,,,,,,,,,,,,,,,,,,,,,,,,,,,,,,,,,,,,,,,,,,,,,,,,,,
HT:,Hosseini-Turner,,,,,,,,,,,,,,,,,,,,,,,,,,,,,,,,,,,,,,,,,,,,,,,,,,,,
MW:,Magnanti-Wong,,,,,,,,,,,,,,,,,,,,,,,,,,,,,,,,,,,,,,,,,,,,,,,,,,,,
Papa:,Papadakos,,,,,,,,,,,,,,,,,,,,,,,,,,,,,,,,,,,,,,,,,,,,,,,,,,,,
Glomb:,Glomb et al.,,,,,,,,,,,,,,,,,,,,,,,,,,,,,,,,,,,,,,,,,,,,,,,,,,,,
