(copy of rel_dist_GRB_all_Std_cautious_Papa_rev_algo_1May2026-8h37.csv),,,,,,,,,,,,,,,,,,,,,,,,,,,,,,,,,,,,,,,,,,,,,,,,,,,,,
,,,,,,,,,,,,,,,,,,,,,,,,,,,,,,,,,,,,,,,,,,,,,,,,,,,,,
Benders methods are compared with respect to several measures of performance based on their relative distances to minimum value over all Benders methods,,,,,,,,,,,,,,,,,,,,,,,,,,,,,,,,,,,,,,,,,,,,,,,,,,,,,
,,,,,,,,,,,,,,,,,,,,,,,,,,,,,,,,,,,,,,,,,,,,,,,,,,,,,
Number of networks:,162,,,,,,,,,,,,,,,,,,,,,,,,,,,,,,,,,,,,,,,,,,,,,,,,,,,,
Number of methods:,52,,,,,,,,,,,,,,,,,,,,,,,,,,,,,,,,,,,,,,,,,,,,,,,,,,,,
,,,,,,,,,,,,,,,,,,,,,,,,,,,,,,,,,,,,,,,,,,,,,,,,,,,,,
Methods (see legend below): ,,GRB_T-0.0001_ILP_flow,GRB_T-0.0001_ILP_flow_strong,GRB_T-0.0001_Std,GRB_F_T-0.0001_Std,GRB_T-0.0001_Std_Decomp,GRB_F_T-0.0001_Std_Decomp,GRB_T-0.0001_Fisch,GRB_F_T-0.0001_Fisch,GRB_U_T-0.0001_Fisch,GRB_F_U_T-0.0001_Fisch,GRB_T-0.0001_StatBS,GRB_F_T-0.0001_StatBS,GRB_U_T-0.0001_StatBS,GRB_F_U_T-0.0001_StatBS,GRB_G-0.1_M-1_T-0.0001_AdaptBS,GRB_F_G-0.1_M-1_T-0.0001_AdaptBS,GRB_G-0.5_M-1_T-0.0001_AdaptBS,GRB_F_G-0.5_M-1_T-0.0001_AdaptBS,GRB_M-1_T-0.0001_AdaptBS,GRB_F_M-1_T-0.0001_AdaptBS,GRB_E-2_T-0.0001_Seo,GRB_F_E-2_T-0.0001_Seo,GRB_E-4_T-0.0001_Seo,GRB_F_E-4_T-0.0001_Seo,GRB_R-0_T-0.0001_HT,GRB_F_R-0_T-0.0001_HT,GRB_R-1_T-0.0001_HT,GRB_F_R-1_T-0.0001_HT,GRB_R-2_T-0.0001_HT,GRB_F_R-2_T-0.0001_HT,GRB_P-1.0_L-0.5_A_T-0.0001_MW,GRB_F_P-1.0_L-0.5_A_T-0.0001_MW,GRB_P-1.0_L-0.5_T-0.0001_Papa,GRB_F_P-1.0_L-0.5_T-0.0001_Papa,GRB_H-0.1_G-0.1_M-1_T-0.0001_Glomb,GRB_F_H-0.1_G-0.1_M-1_T-0.0001_Glomb,GRB_H-0.1_G-0.25_M-1_T-0.0001_Glomb,GRB_F_H-0.1_G-0.25_M-1_T-0.0001_Glomb,GRB_H-0.1_G-0.75_M-1_T-0.0001_Glomb,GRB_F_H-0.1_G-0.75_M-1_T-0.0001_Glomb,GRB_H-0.5_G-0.1_M-1_T-0.0001_Glomb,GRB_F_H-0.5_G-0.1_M-1_T-0.0001_Glomb,GRB_H-0.5_G-0.25_M-1_T-0.0001_Glomb,GRB_F_H-0.5_G-0.25_M-1_T-0.0001_Glomb,GRB_H-0.5_G-0.75_M-1_T-0.0001_Glomb,GRB_F_H-0.5_G-0.75_M-1_T-0.0001_Glomb,GRB_H-0.9_G-0.1_M-1_T-0.0001_Glomb,GRB_F_H-0.9_G-0.1_M-1_T-0.0001_Glomb,GRB_H-0.9_G-0.25_M-1_T-0.0001_Glomb,GRB_F_H-0.9_G-0.25_M-1_T-0.0001_Glomb,GRB_H-0.9_G-0.75_M-1_T-0.0001_Glomb,GRB_F_H-0.9_G-0.75_M-1_T-0.0001_Glomb
,,,,,,,,,,,,,,,,,,,,,,,,,,,,,,,,,,,,,,,,,,,,,,,,,,,,,
Number of valid computations:,,153,153,122,89,144,150,153,153,153,153,151,150,151,153,153,153,147,150,147,150,137,139,137,139,82,122,152,148,151,151,140,151,143,152,152,70,152,52,151,5,152,70,153,52,151,5,153,70,152,51,153,5
Ratio of valid computations:,,0.944444444,0.944444444,0.75308642,0.549382716,0.888888889,0.925925926,0.944444444,0.944444444,0.944444444,0.944444444,0.932098765,0.925925926,0.932098765,0.944444444,0.944444444,0.944444444,0.907407407,0.925925926,0.907407407,0.925925926,0.845679012,0.858024691,0.845679012,0.858024691,0.50617284,0.75308642,0.938271605,0.913580247,0.932098765,0.932098765,0.864197531,0.932098765,0.882716049,0.938271605,0.938271605,0.432098765,0.938271605,0.320987654,0.932098765,0.030864198,0.938271605,0.432098765,0.944444444,0.320987654,0.932098765,0.030864198,0.944444444,0.432098765,0.938271605,0.314814815,0.944444444,0.030864198
,,,,,,,,,,,,,,,,,,,,,,,,,,,,,,,,,,,,,,,,,,,,,,,,,,,,,
Number of invalid computations:,,9,9,40,73,18,12,9,9,9,9,11,12,11,9,9,9,15,12,15,12,25,23,25,23,80,40,10,14,11,11,22,11,19,10,10,92,10,110,11,157,10,92,9,110,11,157,9,92,10,111,9,157
Ratio of invalid computations:,,0.055555556,0.055555556,0.24691358,0.450617284,0.111111111,0.074074074,0.055555556,0.055555556,0.055555556,0.055555556,0.067901235,0.074074074,0.067901235,0.055555556,0.055555556,0.055555556,0.092592593,0.074074074,0.092592593,0.074074074,0.154320988,0.141975309,0.154320988,0.141975309,0.49382716,0.24691358,0.061728395,0.086419753,0.067901235,0.067901235,0.135802469,0.067901235,0.117283951,0.061728395,0.061728395,0.567901235,0.061728395,0.679012346,0.067901235,0.969135802,0.061728395,0.567901235,0.055555556,0.679012346,0.067901235,0.969135802,0.055555556,0.567901235,0.061728395,0.685185185,0.055555556,0.969135802
,,,,,,,,,,,,,,,,,,,,,,,,,,,,,,,,,,,,,,,,,,,,,,,,,,,,,
Block A: Report on networks solvable inside the time limit (36000s) through at least one Benders method,,,,,,,,,,,,,,,,,,,,,,,,,,,,,,,,,,,,,,,,,,,,,,,,,,,,,
,,,,,,,,,,,,,,,,,,,,,,,,,,,,,,,,,,,,,,,,,,,,,,,,,,,,,
Number of valid computations on Benders solvable networks:,,90,90,84,81,89,89,90,90,90,90,90,90,90,90,90,90,90,89,89,89,88,88,88,88,59,84,90,89,90,90,88,89,84,89,89,13,90,7,89,5,89,13,90,7,88,5,90,13,90,7,90,5
Ratio of valid computations on Benders solvable networks:,,0.555555556,0.555555556,0.518518519,0.5,0.549382716,0.549382716,0.555555556,0.555555556,0.555555556,0.555555556,0.555555556,0.555555556,0.555555556,0.555555556,0.555555556,0.555555556,0.555555556,0.549382716,0.549382716,0.549382716,0.543209877,0.543209877,0.543209877,0.543209877,0.364197531,0.518518519,0.555555556,0.549382716,0.555555556,0.555555556,0.543209877,0.549382716,0.518518519,0.549382716,0.549382716,0.080246914,0.555555556,0.043209877,0.549382716,0.030864198,0.549382716,0.080246914,0.555555556,0.043209877,0.543209877,0.030864198,0.555555556,0.080246914,0.555555556,0.043209877,0.555555556,0.030864198
,,,,,,,,,,,,,,,,,,,,,,,,,,,,,,,,,,,,,,,,,,,,,,,,,,,,,
Block A1: Computations with methods finishing inside time limit (36000s) about networks in Block A,,,,,,,,,,,,,,,,,,,,,,,,,,,,,,,,,,,,,,,,,,,,,,,,,,,,,
,,,,,,,,,,,,,,,,,,,,,,,,,,,,,,,,,,,,,,,,,,,,,,,,,,,,,
Number of valid computations:,,90,90,61,57,69,79,75,80,75,81,75,89,73,90,71,71,71,74,71,74,71,76,71,76,26,44,73,88,74,89,69,74,58,77,74,8,76,7,76,5,73,8,74,7,74,5,72,8,72,7,72,5
Ratio of valid computations:,,0.555555556,0.555555556,0.37654321,0.351851852,0.425925926,0.487654321,0.462962963,0.49382716,0.462962963,0.5,0.462962963,0.549382716,0.450617284,0.555555556,0.438271605,0.438271605,0.438271605,0.456790123,0.438271605,0.456790123,0.438271605,0.469135802,0.438271605,0.469135802,0.160493827,0.271604938,0.450617284,0.543209877,0.456790123,0.549382716,0.425925926,0.456790123,0.358024691,0.475308642,0.456790123,0.049382716,0.469135802,0.043209877,0.469135802,0.030864198,0.450617284,0.049382716,0.456790123,0.043209877,0.456790123,0.030864198,0.444444444,0.049382716,0.444444444,0.043209877,0.444444444,0.030864198
Relative distance to minimum computation time:,,,,,,,,,,,,,,,,,,,,,,,,,,,,,,,,,,,,,,,,,,,,,,,,,,,,,
,mean:,-0.794695546,-0.779294191,1114.280348,215.6182493,339.9223963,12.66466038,28.66531541,23.4691289,26.11834293,18.27766963,44.95006419,2.517748708,33.4367619,2.370548812,37.44170464,17.70307363,62.30491041,28.17994347,66.10883479,26.73679429,518.5994999,35.70522625,504.3772652,35.95744505,16404.37211,1240.598595,43.25901391,2.799165241,51.35845045,2.524134144,351.7325396,36.65831712,1285.981343,121.4116335,30.27435301,146.2243251,35.19327893,166.8536667,33.50402888,222.9622162,29.69934579,146.2258382,32.97392592,162.0030948,36.53804922,229.8001782,29.71290634,143.4142902,31.80268511,162.9344383,26.98087451,233.4567943
,std error of mean:,0.027795864,0.033722913,719.1445037,44.74495255,191.9098763,2.633096002,9.362204209,6.571407374,7.688906188,5.746004876,18.1551171,0.667952413,14.09453455,0.855239117,12.78382853,4.747243633,23.335345,11.19546825,24.57794081,10.68481282,236.9631065,13.20313944,232.7348448,13.32044162,6297.180335,638.3845623,23.88276835,0.606727563,24.27168731,0.654358847,250.9949278,8.743993418,1018.68578,37.99546405,10.16118017,84.3836515,11.36427376,94.25302398,10.36853887,116.3320607,9.248258751,84.3115004,10.30869798,91.56176772,11.95908281,119.5686239,8.884108528,82.55107944,10.22027762,91.72177421,7.583805353,121.2629887
,0.25 quantile:,-0.972913588,-0.977900902,4.760483195,10.52327665,0.445071583,0.323041408,1.483213182,0.994115956,1.264510723,0.87424254,1.272541247,0.318485788,1.577778202,0,1.822517834,1.649725681,2.701223603,2.268776438,2.511690221,2.36335292,3.739195529,1.317579726,3.609073009,1.556589241,139.1191419,7.565261934,1.669089414,0.449446604,1.305108679,0.28231891,3.57767065,4.08413271,3.771420023,3.646905637,1.315309847,5.234212153,1.185473204,6.48683185,1.243940855,8.141251671,1.354411994,6.006892647,1.310361573,5.91659162,1.250576305,10.04967413,1.124890522,5.877733891,1.316101933,6.216711473,1.237137678,9.947944519
,median:,-0.90163806,-0.916712524,17.60596254,63.36314821,2.997643158,3.535521404,3.514165212,2.358780651,3.520253678,1.814600852,2.841514731,0.724472313,3.625271863,0.320635531,4.592576799,4.928357001,5.416420432,3.92306572,5.451918406,4.628323401,8.477963508,3.658459312,8.192095035,3.479779447,3126.147478,33.06959107,3.096958827,1.035227156,2.816487989,0.713024832,6.783558567,14.63288934,10.96962429,17.8257623,3.326250293,7.823507132,3.287145081,8.906138592,3.332693946,22.66268343,3.055446591,7.729232954,3.118636779,7.921324922,3.154352713,23.72669876,3.00560168,8.407912455,3.309562293,8.045545065,3.247893134,25.49241791
,0.75 quantile:,-0.745707094,-0.726770943,145.7194742,221.1829321,37.15959523,15.17033548,9.272124604,13.89277977,9.418412786,9.314527056,7.662704382,1.477212895,9.31018627,0.771045282,10.40712867,11.10474612,15.41672379,11.30431992,16.16616417,11.27459211,28.51924121,12.66727805,30.0107535,13.81860389,14745.78463,310.2819443,8.461674026,1.956838598,7.140027853,1.578974553,30.68300771,28.750727,54.75904976,71.7661244,9.028738463,156.7469593,11.55504548,291.5433094,9.856360653,539.3069179,9.104621504,155.5466387,10.06248569,283.5237211,10.63156552,549.4727749,10.28242428,152.8467301,12.18127922,286.0368684,10.69422706,560.9449485
Relative distance to minimum number of nodes:,,,,,,,,,,,,,,,,,,,,,,,,,,,,,,,,,,,,,,,,,,,,,,,,,,,,,
,mean:,-0.499929474,-0.522288673,8118.71755,1297.185203,1319.14794,65.83492672,78.25075974,41.89440892,76.42359274,35.03008065,51.33760298,2.663491544,54.60249115,2.488143943,77.11932185,62.07186696,118.3939216,52.33790879,120.5025105,52.19535075,194.3614372,4728.879176,194.3614372,4728.879176,77331.38762,3981.950804,52.47408883,2.795210771,51.03023187,3.06224529,764.1791853,87.03192951,5507.670381,217.0758647,70.01620337,257.9490741,78.56484281,261.2275132,80.44321722,224.1185185,71.17081602,257.9490741,74.44493413,261.2275132,84.99489461,224.1185185,71.42672484,257.9490741,70.41449119,261.2275132,74.14952849,224.1185185
,std error of mean:,0.178838592,0.190425006,5292.18407,633.7623177,848.0166487,19.4192268,22.78336307,14.01551483,23.151672,12.9805,19.4559768,0.887730446,21.38234681,0.970210602,21.0803526,20.59153503,37.95734576,17.43213952,38.22585881,17.43718551,69.51141822,4335.539417,69.51141822,4335.539417,40657.17599,3186.748205,17.92233842,1.095974376,19.98622735,1.153044398,427.6954151,27.09395363,3516.967054,115.0767251,19.97035004,82.81190311,22.0134664,84.07577072,22.34750029,112.5435329,20.1974475,82.81190311,19.75937358,84.07577072,23.39267659,112.5435329,21.20379753,82.81190311,19.25641245,84.07577072,20.19516582,112.5435329
,0.25 quantile:,-0.994993103,-0.996838176,8.027322404,22.42182485,3.89197152,2.856204081,1.942569064,1.019197458,1.021235023,0.763636364,0.994846431,0.086012408,0.777930403,0.022337556,2.903475347,2.2782789,3.345412027,1.933753287,3.345412027,2.03576228,3.383711329,0,3.383711329,0,1357.742391,89.25,0.800535841,0,0.937503817,0,3.847058824,3.445160324,5.879077353,5.55429824,1.577122016,36.25,2.012323211,31.5,1.278087566,22,1.956521739,36.25,1.873870465,31.5,1.761104816,22,1.666004032,36.25,1.63238524,31.5,1.878552947,22
,median:,-0.980745096,-0.986436611,46.37276342,56.7027027,14.19230769,7.592797784,7.142857143,4.33188963,6.706349807,2.324324324,4.876796715,0.493399991,3.681564246,0.352279199,7.523809524,6.081804017,8.674562888,4.49736295,8.674562888,4.49736295,12,2.175458212,12,2.175458212,3535,262.2365338,3.090909091,0.26331767,4.305179378,0.317,20.5687885,10.60028022,14.19672131,13.22190267,6.994619306,195.5,8.64308257,301,7.502941176,41,6.794117647,195.5,7.8,301,7.8,41,6.767961165,195.5,6.964705882,301,6.964705882,41
,0.75 quantile:,-0.778393656,-0.83753697,295.3239437,312,203.4,24.89056642,27.45063278,14.1443091,21.87184522,10.37585165,18.18609958,1.349105368,21.421875,1.04368932,37.84064748,20.68665158,56.59665397,18.24264706,54.38236826,17.27243173,101,10.97377739,101,10.97377739,11678.29808,893.3798545,22.46641232,0.941349723,17.33113679,1.207496653,128.046875,37.39807141,219.2464789,59.02056105,24.20596335,483,25.17612699,433.5,30.58703242,460,29.8,483,29.31978022,433.5,36.74292013,460,24.48360542,483,32.50272749,433.5,36.75547474,460
Relative distance to minimum number of subproblems:,,,,,,,,,,,,,,,,,,,,,,,,,,,,,,,,,,,,,,,,,,,,,,,,,,,,,
,mean:,,,9.504660987,9.565602185,10.17768436,3.548522702,5.999360415,3.512954975,6.003901261,3.002174554,7.650064869,0.194369065,7.098432243,0.232328466,5.993301306,3.840676842,6.502929297,2.883791282,6.550101861,2.906697367,21.31561539,3.787274036,21.31561539,3.787274036,319.3324101,16.31245062,7.273942053,0.234832483,7.655189708,0.25267011,12.07719176,5.226482604,25.26388674,10.07736107,4.883928541,2.909479272,4.168632918,2.865255223,3.605226318,2.313175494,5.152661731,2.909479272,4.405161714,2.865255223,3.889909086,2.313175494,5.209760006,2.909479272,4.611984859,2.865255223,4.170533162,2.313175494
,std error of mean:,,,2.333369306,0.932537843,2.354152367,0.440168468,1.168717198,0.591538416,1.188709842,0.542582511,1.67319416,0.027710511,1.63628631,0.0271931,1.160068005,0.596576092,1.314669536,0.323131867,1.324902027,0.327441763,7.286099221,0.708861487,7.286099221,0.708861487,70.60528472,3.176287711,1.867321708,0.031020064,1.936038676,0.032065553,2.758169565,0.721476113,8.406238633,1.23084178,0.947128534,0.719070987,0.778819702,0.758740052,0.613039828,0.926179024,0.9815389,0.719070987,0.819434135,0.758740052,0.694017907,0.926179024,1.006560751,0.719070987,0.942407082,0.758740052,0.801798244,0.926179024
,0.25 quantile:,,,2.016110472,4.132352941,1.694444444,1.255640244,0.892568642,0.665628357,0.836502783,0.613636364,0.741363274,0,0.837837838,0,1.208333333,0.957539683,1.340704341,0.991430818,1.340704341,0.991430818,1.645257827,0.657108879,1.645257827,0.657108879,70.70441989,3.253293808,0.619047619,0.01056338,0.691674898,0.027129197,2.446153846,1.844350789,4.053150407,3.855072464,0.685590299,1.036413043,0.643173557,0.922826087,0.623948107,0.695652174,0.660323501,1.036413043,0.657650885,0.922826087,0.639364641,0.695652174,0.770560408,1.036413043,0.687179487,0.922826087,0.613712375,0.695652174
,median:,,,4.114285714,7.728119181,3.464,2.4,2.464,1.271621622,2.274,1.177777778,2.090243902,0.096774194,1.971800434,0.156927104,2.829604773,2.446808511,2.954545455,2.290009251,2.954545455,2.290009251,5.507246377,1.34367519,5.507246377,1.34367519,147,8.711672474,2.0398956,0.153846154,2.140243902,0.188481675,5.238636364,3.651857143,7.556802311,6.09223847,2.093869366,3.268049155,1.782419786,3.4,1.675339367,1.15,2.103896104,3.268049155,1.838615385,3.4,1.567766075,1.15,2.108691309,3.268049155,1.755757232,3.4,1.781102618,1.15
,0.75 quantile:,,,9.240650407,14.74025974,8.886649874,4.238674675,5.75837469,3.32981979,6.944532225,3.364963504,7.152804689,0.292307692,5.739130435,0.34237013,5.106520572,4.605091623,5.657380457,3.993387097,6.266745006,3.993387097,9.524559441,4.211571021,9.524559441,4.211571021,422.9128205,18.83915858,7.090909091,0.335980013,6.04440966,0.339707537,11.7902439,5.985651089,16.80207358,13.38461538,4.297078086,4.857142857,3.982294474,4.815668203,3.588463728,4.774193548,4.826086957,4.857142857,4.868009434,4.815668203,3.901125527,4.774193548,4.893408135,4.857142857,5.105535383,4.815668203,4.121836228,4.774193548
Relative distance to minimum number of feasibility cuts:,,,,,,,,,,,,,,,,,,,,,,,,,,,,,,,,,,,,,,,,,,,,,,,,,,,,,
,mean:,,,inf,inf,inf,inf,inf,inf,inf,inf,inf,inf,inf,inf,inf,inf,inf,inf,inf,inf,inf,inf,inf,inf,inf,inf,inf,inf,inf,inf,inf,inf,inf,inf,inf,6.272429654,inf,6.911348176,inf,7.895887446,inf,6.272429654,inf,6.911348176,inf,7.895887446,inf,6.272429654,inf,6.911348176,inf,7.895887446
,std error of mean:,,,nan,nan,nan,nan,nan,nan,nan,nan,nan,nan,nan,nan,nan,nan,nan,nan,nan,nan,nan,nan,nan,nan,nan,nan,nan,nan,nan,nan,nan,nan,nan,nan,nan,1.824130155,nan,1.973170594,nan,2.628221071,nan,1.824130155,nan,1.973170594,nan,2.628221071,nan,1.824130155,nan,1.973170594,nan,2.628221071
,0.25 quantile:,,,10.46153846,18.18181818,8.352941176,7.642857143,1.633089133,1.160714286,1.439004815,1.333333333,0.861904762,0.054166667,0.846153846,0.091991342,1.788888889,1.429118774,1.702736318,1.495402299,1.702736318,1.495402299,3.429166667,0,3.429166667,0,26.65,2.266666667,1,0,0.839285714,0,8.538461538,6.842592593,7.035714286,6.95,1.60026738,3.125,1.577540107,3.975,1.605392157,4.25,1.588235294,3.125,1.596581876,3.975,1.591176471,4.25,1.581801471,3.125,1.577540107,3.975,1.505944056,4.25
,median:,,,23.2,39.33333333,19.57142857,17.82857143,2.666666667,2.591666667,2.75,2.444444444,1.75,0.267948718,1.825,0.30625,3,2.727272727,3.333333333,2.436507937,3.333333333,2.422619048,7.528089888,0.757352941,7.528089888,0.757352941,172.5,4.636363636,1.87804878,0.244047619,1.736111111,0.215250965,17.28571429,14.3,16.76190476,17.46511628,2.882890365,4.725,3.015384615,5.2,3.142857143,5.333333333,2.88372093,4.725,2.827564103,5.2,3.293650794,5.333333333,2.923076923,4.725,3.182539683,5.2,3,5.333333333
,0.75 quantile:,,,41.4,65,45,35.13492063,4.769736842,4.604320988,4.611111111,4.6,3.055555556,0.623188406,2.857142857,0.647222222,4.866666667,4.833333333,6.4,4.213043478,6.4,4.15,14.56538462,2,14.56538462,2,848.625,10.95833333,2.888888889,0.75,3.028125,0.666666667,35.25714286,31.58215812,44.078125,35.82142857,4.766666667,7.045454545,5.016666667,8.757575758,5.745454545,12.18181818,4.8,7.045454545,5.15,8.757575758,6.420909091,12.18181818,4.7,7.045454545,4.85,8.757575758,6.05,12.18181818
Relative distance to minimum number of optimality cuts:,,,,,,,,,,,,,,,,,,,,,,,,,,,,,,,,,,,,,,,,,,,,,,,,,,,,,
,mean:,,,6.245026061,4.268350765,8.2499348,1.559492327,7.517481883,4.399560991,7.532607121,3.759509904,9.276928869,0.537622729,8.697705576,0.53735589,7.546159408,4.939269329,8.053989784,3.813760184,8.105732714,3.828528443,24.22842956,7.258079836,24.22842956,7.258079836,413.0574134,22.76562876,8.925483762,0.586980247,9.280989576,0.621227694,11.40165395,3.809741509,10.47221251,2.615939788,6.197692604,6.089066543,5.31755655,6.367260159,4.579334363,7.022043011,6.560783669,6.089066543,5.60385352,6.367260159,4.907722548,7.022043011,6.658245767,6.089066543,5.886595124,6.367260159,5.285367656,7.022043011
,std error of mean:,,,1.667415481,0.491388712,2.315378629,0.199519893,1.362507881,0.701279832,1.398945139,0.644040592,1.885231836,0.111077134,1.86305304,0.105163481,1.363721497,0.709554592,1.538655379,0.48031917,1.546979269,0.482116379,8.261539052,1.790040586,8.261539052,1.790040586,85.94696639,4.24698253,2.11934072,0.109871418,2.168297811,0.110577717,2.958259511,0.432413815,3.862649471,0.417847093,1.125130047,1.634757039,0.939160735,1.794976983,0.754166996,2.436063023,1.168803729,1.634757039,0.985951348,1.794976983,0.843559561,2.436063023,1.199008295,1.634757039,1.125375457,1.794976983,0.960423044,2.436063023
,0.25 quantile:,,,0.75,1.709090909,0.65456821,0.407701352,1.126282051,0.693693694,1.15704607,0.617647059,1.361305361,0.031111111,1.294117647,0.016072533,1.377704918,1.187363834,1.838870733,1.283275174,1.838870733,1.354237288,2.197268908,0.805783133,2.197268908,0.805783133,96.41909091,6.844845722,1.363636364,0.051180205,1.467240555,0.068965517,1.831334623,1.344594595,0.734797297,0.294117647,0.884233201,3.268382353,0.870191661,3.738636364,0.708461538,3.75,0.84,3.268382353,0.874679487,3.738636364,0.8425,3.75,0.892936596,3.268382353,0.989237713,3.738636364,0.957264957,3.75
,median:,,,1.897959184,3.133858268,2.121212121,1.072463768,3.208092486,1.385054022,2.884057971,1.491525424,3.333333333,0.165517241,3.075435203,0.244933795,3.486895161,2.850806452,3.576271186,2.899099099,3.576271186,2.899099099,6.090909091,2.191433566,6.090909091,2.191433566,182.7908497,12.93910256,3.387283237,0.28836955,3.365384615,0.276998597,4.740046838,2.857028112,2.10756486,1.179487179,2.925980392,5.866666667,2.322694144,5.733333333,2.03250774,6,2.866666667,5.866666667,2.526169207,5.733333333,1.885448916,6,2.820180529,5.866666667,1.94857504,5.733333333,2.195286412,6
,0.75 quantile:,,,5.352941176,5.28,5.563636364,2.040133779,9.433333333,4.739697802,8.318117978,3.851851852,9.139390844,0.562005277,6.764705882,0.595488183,6.25,5.957671958,8.024038462,4.819811591,8.303240741,4.819811591,10.56111111,6.236676017,10.56111111,6.236676017,646.1096979,23.14224138,8.73992674,0.620014955,6.711538462,0.684210526,9.709090909,5.006970939,4.736083589,3.264150943,5.470588235,6.742424242,5.147844301,7.416666667,4.61891255,8.833333333,7.166666667,6.742424242,5.632352941,7.416666667,4.725645078,8.833333333,7.375,6.742424242,6.026828299,7.416666667,5.812197583,8.833333333
Relative distance to minimum number of cuts:,,,,,,,,,,,,,,,,,,,,,,,,,,,,,,,,,,,,,,,,,,,,,,,,,,,,,
,mean:,,,10.06042877,10.12165638,10.67470578,3.6515066,6.24436168,3.658792616,6.235117151,3.098845048,7.954406956,0.189787687,7.361093178,0.214593544,6.256995536,3.998228989,6.771133773,2.983955371,6.822067557,3.003712459,22.15586054,4.014367021,22.15586054,4.014367021,347.9604802,17.23453721,7.554219809,0.233082971,7.944504428,0.253927799,12.58942837,5.303259886,13.168056,4.686902587,5.116068362,3.220746655,4.37846007,3.210685252,3.797460101,2.686724059,5.398572109,3.220746655,4.629716925,3.210685252,4.097006023,2.686724059,5.457802664,3.220746655,4.847478396,3.210685252,4.40276407,2.686724059
,std error of mean:,,,2.560776682,1.02132269,2.495045556,0.466517456,1.215456985,0.611532048,1.239313778,0.559988014,1.738901887,0.027574287,1.688705427,0.027680943,1.208136453,0.61417201,1.371624653,0.335639904,1.381393826,0.339739987,7.481271998,0.731429379,7.481271998,0.731429379,77.99314965,3.308536625,1.923478539,0.030858988,1.993696048,0.032148566,2.917055453,0.741160569,4.762759314,0.64914839,0.985104988,0.782288301,0.810666709,0.839999975,0.6416238,1.04765968,1.021729551,0.782288301,0.855802311,0.839999975,0.729610774,1.04765968,1.046008133,0.782288301,0.981881953,0.839999975,0.842915064,1.04765968
,0.25 quantile:,,,2.022041763,4.166666667,1.782363977,1.273194363,0.954040404,0.726913529,1,0.615009381,0.760062416,0,0.777777778,0,1.201923077,0.903488372,1.392269737,0.943673418,1.392269737,0.943673418,1.775679672,0.719267348,1.775679672,0.719267348,75.49653313,3.813322368,0.590211132,0.027405363,0.709081197,0.02507837,2.557251908,1.879987856,1.70879431,1.424242424,0.7625,1.157894737,0.745137421,1.105263158,0.721995192,1,0.730769231,1.157894737,0.746601073,1.105263158,0.729840015,1,0.85858349,1.157894737,0.837969589,1.105263158,0.72919154,1
,median:,,,4.263917526,8.049382716,3.53030303,2.41443299,2.53814433,1.336030142,2.340206186,1.279069767,2.165394402,0.083333333,2.00554939,0.105827506,2.920634921,2.52231405,3.107526882,2.330021142,3.107526882,2.330021142,5.818181818,1.492897727,5.818181818,1.492897727,152.915625,8.998701299,2.046904315,0.142665131,2.187104982,0.1875,5.416666667,3.612717246,3.318419133,2.596153846,2.380952381,3.366176471,1.891414141,3.441176471,1.729757395,1.210526316,2.392857143,3.366176471,1.975961381,3.441176471,1.580165289,1.210526316,2.390873016,3.366176471,1.795600534,3.441176471,1.82081744,1.210526316
,0.75 quantile:,,,9.388429752,15.43055556,9.012787724,4.281206171,6.529794187,3.531890764,7.456920373,3.390115668,7.562551015,0.258064516,5.818181818,0.35044735,5.308755039,4.843822844,6.472027972,4.089538153,6.651515152,4.089538153,10.07963526,4.710477658,10.07963526,4.710477658,474.9089973,19.99458874,7.677419355,0.307692308,6.242510078,0.378640777,11.94214876,6.05704698,8.451337827,6.451612903,4.318256402,5.286363636,4.030986912,5.390909091,3.71850934,5.181818182,4.909090909,5.286363636,4.930810792,5.390909091,3.979838349,5.181818182,5.243881119,5.286363636,5.243217989,5.390909091,4.356282164,5.181818182
Relative distance to minimum time spent in subproblems:,,,,,,,,,,,,,,,,,,,,,,,,,,,,,,,,,,,,,,,,,,,,,,,,,,,,,
,mean,,,26.01775959,80.78723984,3.850152827,1.540477886,10.65840568,13.93932232,10.92627648,10.13005803,5.636045216,3.287395964,6.629327122,2.505701633,11.47796833,14.52745323,12.55070547,13.0479737,12.65373115,12.85490855,28.21391678,30.40884879,28.81557749,30.68582307,234.4878799,23.18747572,7.0642536,3.731650326,5.62689745,3.288906742,14.67905119,17.51222849,48.48505177,16.57793261,10.12435866,150.4708851,9.789490321,171.7480968,9.50217609,228.9708067,10.01742352,150.4984721,9.982360959,166.6660043,9.924538756,236.0264144,10.21224394,147.7348452,10.27643028,167.7513577,10.19892732,239.8048372
,std error of mean:,,,8.285765073,22.78451913,1.370261624,0.431051023,3.24037007,4.944185971,3.981066276,3.805222854,1.031285674,0.698640866,1.224069962,0.874454605,3.262282758,4.569700096,3.260296674,4.345736891,3.303800794,4.350693059,10.18832016,12.53238438,10.29296013,12.62219048,57.89251445,6.880408446,1.6414207,0.614856945,1.309700525,0.680188745,4.18200879,4.221235824,26.92600328,3.717831422,2.956664816,86.11495464,2.877302486,96.13661658,2.852713081,118.6367551,2.985913993,86.04297642,2.965229185,93.41345522,2.963075571,121.9181081,3.039087571,84.2214627,3.050419654,93.54676258,3.021066508,123.641668
,0.25 quantile:,,,3.061740458,10.19730695,0.066937001,0.055612373,1.182127278,1.20890697,1.160712496,0.937328066,1.171817843,0.542629039,1.30488381,0,2.012094484,1.969936654,2.641562519,2.292817428,2.365844949,2.441417526,4.186898685,1.413438679,4.341794192,1.565317454,44.71319367,5.368261642,1.826274507,1.192492032,1.269177717,0.710669686,2.844657185,3.729086771,2.89445158,2.692658939,1.147022325,6.563645265,1.225108743,8.061393936,1.230632642,9.153142697,0.982130272,6.837357076,1.338285962,7.096692502,1.500800515,11.30259314,1.428359734,6.584037519,1.291462752,7.691876053,1.263704712,11.18130974
,median:,,,7.41997009,20.96935588,0.519166504,0.602174728,2.350907873,2.216107815,3.369201648,1.793188172,2.346095998,1.086170371,2.609215251,0.273609238,3.769847284,4.36663134,4.37873682,3.821139622,4.391663997,3.886184238,8.031017047,4.035204573,8.22773871,3.995242628,94.88340439,8.765142286,3.10870101,1.977293189,2.480512497,1.187799818,5.321956991,6.73047201,5.369580873,5.484963343,2.619190571,8.928102905,3.033574481,10.02584575,2.665831977,25.76005682,2.91687447,9.071511527,2.931753196,8.913185384,2.515253386,26.98428352,2.54524456,10.49950984,2.944173147,9.059629061,2.957595513,28.99614068
,0.75 quantile:,,,21.44096965,43.04842651,2.765703977,1.697416715,6.847900836,8.303613197,6.27969163,5.241193981,5.275032743,2.631698046,6.397396516,0.921401642,7.824337867,7.982113724,8.790595248,6.120011664,8.105203475,6.748869056,13.21617655,13.12642664,13.17669886,13.56407321,302.6700751,20.89829703,6.227905648,3.516274422,4.893414803,2.552193272,10.03302032,13.07121998,16.09589154,19.8474052,7.940316711,162.5630691,7.253557355,299.1370043,7.218935698,552.2433139,7.606237752,160.9169689,7.085834037,290.95044,7.518823502,562.6511258,8.006085488,158.188644,8.523634165,294.0878033,8.663862158,574.3966957
Relative distance to minimum of maximum resident memory size:,,,,,,,,,,,,,,,,,,,,,,,,,,,,,,,,,,,,,,,,,,,,,,,,,,,,,
,mean:,,,inf,inf,inf,inf,inf,inf,inf,inf,inf,0.152796267,inf,inf,inf,inf,inf,inf,inf,inf,inf,inf,inf,inf,inf,inf,inf,inf,inf,0.133687242,inf,inf,inf,inf,inf,0.654801071,inf,0.779141114,inf,0.891065882,inf,0.642451022,inf,0.731405812,inf,0.841305614,inf,0.672847085,inf,0.715210424,inf,0.911543599
,std error of mean:,,,nan,nan,nan,nan,nan,nan,nan,nan,nan,0.015151965,nan,nan,nan,nan,nan,nan,nan,nan,nan,nan,nan,nan,nan,nan,nan,nan,nan,0.016097511,nan,nan,nan,nan,nan,0.206721482,nan,0.2376339,nan,0.288818101,nan,0.215543337,nan,0.233003721,nan,0.298380568,nan,0.213042667,nan,0.242446905,nan,0.288021684
,0.25 quantile:,,,0.176224612,0.278978122,0.0941062,0.178092632,0.130826188,0.125261044,0.162764775,0.145355191,0.151338738,0.049387352,0.151235922,0.06957467,0.235289603,0.236691745,0.216040882,0.218055794,0.225167063,0.224825067,0.27173318,0.225260817,0.254474962,0.240936818,1.737958043,0.249626196,0.153270468,0.039910175,0.126499172,0.016375526,0.234227594,0.272760526,0.178542179,0.282676843,0.27444365,0.234153004,0.259367882,0.316898431,0.259546572,0.307617459,0.262916773,0.241611611,0.258566516,0.279484756,0.278191004,0.365926327,0.237275877,0.325991086,0.253147752,0.227851253,0.240590955,0.394230769
,median:,,,0.498771682,0.555555556,0.342041994,0.46239664,0.235208142,0.215017344,0.312142039,0.2534937,0.256133266,0.142462855,0.314821708,0.158776376,0.40068852,0.386645047,0.40546595,0.431053073,0.435166523,0.456449402,0.53644664,0.354604436,0.484435798,0.380272318,4.281788531,0.562426592,0.27703912,0.115923693,0.256754915,0.078896084,0.630200539,0.599820892,0.614629655,0.849106552,0.447436412,0.369447645,0.406967615,0.481951093,0.444653113,0.500541712,0.408410655,0.367447813,0.431535413,0.349721827,0.424248279,0.369388019,0.449819383,0.348063882,0.388895346,0.379062839,0.393005916,0.459697244
,0.75 quantile:,,,1.504553455,1.502632181,1.004640024,1.087979981,0.62512066,0.502331109,0.79473569,0.82579569,0.824994732,0.190585524,1.073597872,0.315060714,1.433609731,1.445304453,1.738772642,1.593935277,1.686051391,1.598802301,4.257784224,1.733702986,4.022356465,1.74149125,17.33621095,2.514754533,1.007567275,0.196189397,0.814204277,0.183493666,1.610279142,1.586999616,1.07562057,1.837773446,1.158449109,0.811540189,1.076468589,1.108307419,1.122734329,1.566887516,1.195133703,0.720293187,1.157900934,1.11543827,1.108841079,1.614903596,1.127660047,0.701391714,1.085044687,1.077498359,1.161875209,1.682274994
Relative distance to minimum of maximum virtual memory size:,,,,,,,,,,,,,,,,,,,,,,,,,,,,,,,,,,,,,,,,,,,,,,,,,,,,,
,mean:,,,inf,inf,inf,inf,inf,inf,inf,inf,inf,0.025732638,inf,inf,inf,inf,inf,inf,inf,inf,inf,inf,inf,inf,inf,inf,inf,inf,inf,0.022654963,inf,inf,inf,inf,inf,0.208901029,inf,0.227801156,inf,0.282240194,inf,0.208901029,inf,0.227801156,inf,0.282240194,inf,0.208901029,inf,0.227801156,inf,0.282240194
,std error of mean:,,,nan,nan,nan,nan,nan,nan,nan,nan,nan,0.004717147,nan,nan,nan,nan,nan,nan,nan,nan,nan,nan,nan,nan,nan,nan,nan,nan,nan,0.00432287,nan,nan,nan,nan,nan,0.065124517,nan,0.071655728,nan,0.089377465,nan,0.065124517,nan,0.071655728,nan,0.089377465,nan,0.065124517,nan,0.071655728,nan,0.089377465
,0.25 quantile:,,,0.012836926,0.015948351,0,0.0118596,0.012212241,0.004788535,0.011587726,0.006420907,0.013510368,0.000104707,0.013245952,0.001312123,0.106635397,0.097449255,0.110048447,0.098617026,0.110048447,0.100050084,0.059638541,0.057389608,0.060455925,0.057555348,0.226284434,0.031199629,0.010120757,0.003447244,0.011699326,0.000639263,0.058779685,0.067979282,0.057389872,0.070717907,0.105937111,0.088241362,0.104167852,0.091703561,0.103000018,0.135303185,0.105889454,0.088241362,0.107030237,0.091703561,0.105781326,0.135303185,0.104540303,0.088241362,0.107601803,0.091703561,0.100868738,0.135303185
,median:,,,0.075407101,0.041872733,0.033439186,0.064711606,0.024046363,0.021906222,0.041039556,0.024464626,0.029728947,0.006164015,0.04723539,0.008652072,0.125352478,0.124063468,0.123968515,0.13449096,0.135005622,0.136244442,0.091493247,0.086375895,0.093439912,0.083481172,0.563092317,0.083186262,0.030919616,0.008212942,0.028728526,0.006835637,0.125344542,0.121049477,0.119113161,0.170407797,0.131093783,0.111875986,0.133309607,0.135303185,0.127584323,0.135320505,0.131172976,0.111875986,0.133034192,0.135303185,0.129497867,0.135320505,0.13111864,0.111875986,0.126303921,0.135303185,0.125834373,0.135320505
,0.75 quantile:,,,0.28197827,0.248124763,0.205780654,0.230706985,0.166347468,0.145250802,0.234467759,0.176884062,0.187962032,0.029182684,0.18081067,0.069629432,0.395136001,0.356775615,0.450774943,0.401817682,0.45260841,0.401817682,0.850499354,0.358163717,0.80591599,0.37750856,2.51368624,0.298850727,0.213805876,0.027654136,0.177074639,0.023689315,0.421449617,0.339590137,0.328375159,0.414348735,0.307746219,0.232871318,0.344220114,0.330422132,0.352344213,0.525523758,0.303647479,0.232871318,0.325844371,0.330422132,0.344039764,0.525523758,0.294120469,0.232871318,0.317193251,0.330422132,0.315661965,0.525523758
,,,,,,,,,,,,,,,,,,,,,,,,,,,,,,,,,,,,,,,,,,,,,,,,,,,,,
Block A2: Computations with methods reaching time limit (36000s) about networks in Block A,,,,,,,,,,,,,,,,,,,,,,,,,,,,,,,,,,,,,,,,,,,,,,,,,,,,,
,,,,,,,,,,,,,,,,,,,,,,,,,,,,,,,,,,,,,,,,,,,,,,,,,,,,,
Number of valid computations:,,0,0,23,24,20,10,15,10,15,9,15,1,17,0,19,19,19,15,18,15,17,12,17,12,33,40,17,1,16,1,19,15,26,12,15,5,14,0,13,0,16,5,16,0,14,0,18,5,18,0,18,0
Ratio of valid computations:,,0,0,0.141975309,0.148148148,0.12345679,0.061728395,0.092592593,0.061728395,0.092592593,0.055555556,0.092592593,0.00617284,0.104938272,0,0.117283951,0.117283951,0.117283951,0.092592593,0.111111111,0.092592593,0.104938272,0.074074074,0.104938272,0.074074074,0.203703704,0.24691358,0.104938272,0.00617284,0.098765432,0.00617284,0.117283951,0.092592593,0.160493827,0.074074074,0.092592593,0.030864198,0.086419753,0,0.080246914,0,0.098765432,0.030864198,0.098765432,0,0.086419753,0,0.111111111,0.030864198,0.111111111,0,0.111111111,0
Relative distance to minimum relative gap:,,,,,,,,,,,,,,,,,,,,,,,,,,,,,,,,,,,,,,,,,,,,,,,,,,,,,
,mean:,nan,nan,17.63655028,100.9860418,20.10658115,6.334521097,7.24773656,6.324388446,6.959010025,5.733989232,7.549714988,0.416170438,6.754266807,nan,9.190663595,13.25469213,11.45617977,22.52337346,11.95017783,23.64733811,16.77639236,18.56912784,16.79093576,18.57242206,9.171901015,24.14736312,6.887562841,0,6.984182047,1.993383618,19.1795775,13.75019866,12.95453223,8.82602693,6.292658029,11.3926823,5.568501628,nan,6.362966721,nan,5.94057609,11.40739903,4.8917344,nan,4.533122408,nan,6.074149043,11.37475323,5.610689575,nan,5.709998237,nan
,std error of mean:,nan,nan,5.100872703,66.19302801,5.465359061,2.54695808,2.158996139,2.440580516,1.974130626,2.216645883,1.994307794,0,1.768433626,nan,2.542212012,7.248316985,3.615893487,12.79446445,3.814528964,13.03489076,3.424000051,15.1367444,3.440154497,15.12454352,2.483114847,16.39297709,2.020129823,0,1.945746471,0,5.582119107,6.210992169,2.541967265,2.714138579,1.798049105,3.753742909,1.450541819,nan,1.921820058,nan,1.724734777,3.732127069,1.479122694,nan,1.484372512,nan,1.506636149,3.746314098,1.444038844,nan,1.434514249,nan
,0.25 quantile:,nan,nan,2.787738314,0.590037088,2.771160498,0.418449315,1.737999435,0.701384616,1.39366158,0.590081112,3.063865848,0.416170438,2.070418525,nan,2.101018939,0.296943003,2.735517724,0.852478633,2.401902868,0.454019023,6.238516802,0.0042611,6.243986095,0.002301921,0,0,2.190292145,0,2.006850444,1.993383618,2.054503192,0.414243749,2.669836907,1.108027038,1.585276434,7.293155614,1.557443372,nan,1.307039915,nan,1.130676313,7.338703083,0.908640396,nan,1.248717826,nan,1.985227739,7.239839725,1.375981622,nan,1.625557035,nan
,median:,nan,nan,5.58934373,1.925899543,5.204969659,2.873386585,3.578818076,2.429631005,2.193246743,2.113337989,3.634932363,0.416170438,3.644727694,nan,6.040671972,0.875560081,4.605052144,3.141707921,5.272094448,2.164468065,13.78268839,1.047184164,13.80753564,1.046258186,3.516110754,1.305119719,3.085422943,0,3.561216332,1.993383618,4.725050916,2.613128492,7.501410888,4.87500173,2.555689455,10.87217021,2.757039372,nan,2.475300401,nan,2.708481041,10.83580142,2.157953663,nan,1.478102039,nan,3.274973909,10.83307801,2.698985182,nan,2.208043038,nan
,0.75 quantile:,nan,nan,19.20404204,9.630930207,37.70783732,10.16191139,9.756792944,10.06456009,11.62784174,10.02899291,10.30679671,0.416170438,9.381564246,nan,12.13612068,10.58776819,15.88775089,8.854359416,16.14409367,10.75020623,20.64652372,6.298783924,20.51267057,6.334050295,8.661666983,10.21751183,8.221787709,0,9.953665505,1.993383618,29.38815046,7.040366658,19.25196849,13.20539931,10.2927101,11.28537753,9.117353709,nan,8.48640884,nan,9.494373549,11.28537753,6.491819791,nan,5.426161619,nan,8.335515869,11.28537753,8.016040988,nan,7.909363812,nan
Relative distance to minimum upper bound:,,,,,,,,,,,,,,,,,,,,,,,,,,,,,,,,,,,,,,,,,,,,,,,,,,,,,
,mean:,nan,nan,0.048626905,0.016592086,0.054102153,0.013241806,0.035392194,0.030738565,0.037097968,0.024137614,0.038885776,0,0.029316168,nan,0.025930705,0.015867631,0.035004612,0.014602596,0.037056938,0.017302943,0.07721161,0.022173027,0.07721161,0.022173027,0.078395298,0.046858991,0.037787638,0,0.032626139,0,0.056624772,0.021618712,0.059424592,0.051280769,0.029931453,0.055008358,0.01984047,nan,0.029988684,nan,0.028017928,0.055842163,0.018003504,nan,0.019069538,nan,0.025304492,0.055008358,0.016846885,nan,0.021334117,nan
,std error of mean:,nan,nan,0.019739597,0.005799895,0.01787944,0.008103157,0.011678874,0.011924793,0.011086972,0.011180141,0.010946539,0,0.00881317,nan,0.007551266,0.005974817,0.011333192,0.005183257,0.014477849,0.007881647,0.016048109,0.010800332,0.016048109,0.010800332,0.022590778,0.01361417,0.012077037,0,0.010621116,0,0.019574546,0.010715077,0.022653127,0.024394822,0.009242987,0.019210731,0.007552877,nan,0.015415897,nan,0.008870634,0.018949784,0.006821809,nan,0.011709523,nan,0.008084668,0.019210731,0.006598722,nan,0.009624806,nan
,0.25 quantile:,nan,nan,0,0,0.000500184,0,1.68E-06,0.002274773,0,0,0.001024404,0,8.82E-05,nan,0.002398101,0,0.002119468,0,0.003820907,0,0.024348151,0.00030289,0.024348151,0.00030289,0,0,2.01E-06,0,3.71E-06,0,0,0,0,0,0.000140935,0.023484052,0.001816485,nan,0.002453933,nan,0,0.027653078,0,nan,3.40E-07,nan,0.000113289,0.023484052,3.40E-07,nan,1.52E-06,nan
,median:,nan,nan,0.003957733,0.002240832,0.010087789,0,0.014743109,0.01058845,0.01212063,0.004393619,0.021272888,0,0.007510586,nan,0.004117654,0.000855163,0.021689444,0.00220913,0.018237221,0.00387182,0.063355331,0.007552981,0.063355331,0.007552981,0.020214659,0.004952843,0.011592698,0,0.009944319,0,0.001429907,0.000896492,0.007622639,0.003563083,0.005007822,0.043178101,0.00769233,nan,0.006959109,nan,0.002588666,0.043178101,0.003071015,nan,0.002846311,nan,0.003537887,0.043178101,0.00249922,nan,0.003537887,nan
,0.75 quantile:,nan,nan,0.043480016,0.013511804,0.063963346,0.007515327,0.072390628,0.050595502,0.074875629,0.037391481,0.082822851,0,0.059652746,nan,0.053449324,0.01424707,0.037991244,0.021066954,0.034321011,0.016818632,0.133196042,0.025285905,0.133196042,0.025285905,0.066235446,0.05779991,0.050630972,0,0.048672105,0,0.08411983,0.021665031,0.033279014,0.060446686,0.061343209,0.081939762,0.024741105,nan,0.014849518,nan,0.058185004,0.081939762,0.020285575,nan,0.018492616,nan,0.054238062,0.081939762,0.01604393,nan,0.020519032,nan
Relative distance to maximum lower bound:,,,,,,,,,,,,,,,,,,,,,,,,,,,,,,,,,,,,,,,,,,,,,,,,,,,,,
,mean:,nan,nan,0.193674494,0.120578835,0.231341913,0.073007819,0.06202049,0.055552016,0.057590442,0.051169701,0.063513494,0.003169346,0.054760246,nan,0.049142649,0.03305498,0.058932455,0.024749293,0.055983387,0.029141529,0.09012644,0.01051823,0.090170388,0.010608374,0.072887792,0.033082328,0.05501841,0,0.05886993,0.015177762,0.216931142,0.092550251,0.092423898,0.08326865,0.056476136,0.09594458,0.057256115,nan,0.064976349,nan,0.052249874,0.096268376,0.048319549,nan,0.046198844,nan,0.04770856,0.096020604,0.045272848,nan,0.048303089,nan
,std error of mean:,nan,nan,0.061472934,0.05097709,0.067603382,0.02512136,0.014122832,0.014101689,0.013695129,0.014169487,0.01373182,0,0.013019392,nan,0.010914782,0.009465839,0.01336466,0.005131009,0.013848041,0.005778565,0.016371888,0.003212324,0.016362828,0.003279765,0.013037978,0.006415525,0.01337028,0,0.013260463,0,0.06437821,0.051834166,0.015897031,0.020150739,0.012961108,0.015998229,0.013377083,nan,0.017029972,nan,0.012754786,0.015564301,0.012608666,nan,0.014892548,nan,0.011753428,0.015596847,0.011605075,nan,0.013717757,nan
,0.25 quantile:,nan,nan,0.028848686,0.006300146,0.026182788,0.007897093,0.017371968,0.020387602,0.011584861,0.013012094,0.016584556,0.003169346,0.012952488,nan,0.013679366,0.005814373,0.015340156,0.00845076,0.015217304,0.008113719,0.037752855,0.000299744,0.037565253,3.98E-05,0,0,0.010050328,0,0.016980459,0.015177762,0.021074062,0.006674988,0.030316023,0.021624311,0.01588711,0.087486455,0.020600234,nan,0.02107541,nan,0.012707777,0.088053032,0.01296304,nan,0.014763484,nan,0.010619466,0.08682781,0.008405795,nan,0.009618631,nan
,median:,nan,nan,0.057221973,0.030145978,0.078232787,0.036650287,0.037247847,0.037485864,0.035249794,0.025973805,0.047566209,0.003169346,0.022982565,nan,0.029558842,0.012589584,0.033148298,0.023050163,0.029183016,0.032210511,0.063149642,0.007582899,0.063989277,0.007614714,0.058456031,0.013174766,0.033349677,0,0.042967555,0.015177762,0.084848315,0.010008587,0.070960119,0.059069226,0.02701796,0.103188548,0.036563045,nan,0.033685394,nan,0.026009784,0.102785928,0.021824638,nan,0.020806466,nan,0.022164508,0.102880905,0.021552368,nan,0.021226386,nan
,0.75 quantile:,nan,nan,0.15205355,0.07334327,0.268101208,0.158038091,0.104048209,0.100633974,0.099723114,0.093244853,0.10870764,0.003169346,0.084772616,nan,0.064214052,0.03771585,0.075428667,0.034327797,0.070515275,0.043113016,0.118348047,0.019677035,0.119100613,0.019775254,0.117950135,0.054919471,0.079395005,0,0.092002902,0.015177762,0.325028812,0.065234841,0.135975206,0.121568395,0.091597997,0.118836722,0.09641241,nan,0.105106964,nan,0.079402938,0.118836722,0.067711793,nan,0.049659473,nan,0.065874307,0.118836722,0.056131148,nan,0.053412063,nan
,,,,,,,,,,,,,,,,,,,,,,,,,,,,,,,,,,,,,,,,,,,,,,,,,,,,,
Block B: Report on networks that cannot be solved inside the time limit (36000s) through any Benders method,,,,,,,,,,,,,,,,,,,,,,,,,,,,,,,,,,,,,,,,,,,,,,,,,,,,,
,,,,,,,,,,,,,,,,,,,,,,,,,,,,,,,,,,,,,,,,,,,,,,,,,,,,,
Number of valid computations:,,63,63,38,8,55,61,63,63,63,63,61,60,61,63,63,63,57,61,58,61,49,51,49,51,23,38,62,59,61,61,52,62,59,63,63,57,62,45,62,0,63,57,63,45,63,0,63,57,62,44,63,0
Ratio of valid computations:,,0.388888889,0.388888889,0.234567901,0.049382716,0.339506173,0.37654321,0.388888889,0.388888889,0.388888889,0.388888889,0.37654321,0.37037037,0.37654321,0.388888889,0.388888889,0.388888889,0.351851852,0.37654321,0.358024691,0.37654321,0.302469136,0.314814815,0.302469136,0.314814815,0.141975309,0.234567901,0.382716049,0.364197531,0.37654321,0.37654321,0.320987654,0.382716049,0.364197531,0.388888889,0.388888889,0.351851852,0.382716049,0.277777778,0.382716049,0,0.388888889,0.351851852,0.388888889,0.277777778,0.388888889,0,0.388888889,0.351851852,0.382716049,0.271604938,0.388888889,0
Relative distance to minimum relative gap:,,,,,,,,,,,,,,,,,,,,,,,,,,,,,,,,,,,,,,,,,,,,,,,,,,,,,
,mean:,-0.981971555,-0.984140544,32.47930114,17.38231205,19.77691199,4.831702145,6.783791203,6.120690684,6.693316274,5.626596544,6.973367486,1.613648477,7.112476252,0.604940299,6.749426266,5.98682835,6.422348042,3.049329006,6.580867117,2.95502843,11.48509965,1.107563584,11.46038716,1.108737455,20.75604067,8.262194263,6.811320672,1.287662261,7.0403152,1.341833574,17.49137033,15.1228424,10.95547483,9.535447908,6.728384933,6.671450991,6.56141188,6.427739966,7.287926979,nan,6.734002344,6.971031184,6.53570202,6.434559313,7.442659718,nan,6.741787059,7.005862457,6.353295586,6.502641869,7.112358284,nan
,std error of mean:,0.003957587,0.003601768,11.53468318,8.024503227,7.419806176,1.087875251,2.124622238,2.044065309,2.214459247,1.985214479,2.318503846,0.761807599,2.341887439,0.274615536,2.24575495,2.000305282,1.95543551,0.599580391,2.045653486,0.629358919,3.794733132,0.283071594,3.795293369,0.283055469,8.555943767,2.404152427,2.189855395,0.424721137,2.345165166,0.552704445,7.03868179,6.577723906,3.806561833,3.021353915,2.247222987,2.467352848,2.249961315,3.053968737,2.612825181,nan,2.247692969,2.476193318,2.234496839,3.059114252,2.771289686,nan,2.247692889,2.486896283,2.252421529,3.135918577,2.543599252,nan
,0.25 quantile:,-0.999365631,-0.999863556,3.210354099,2.951622347,1.788549269,1.322492062,1.010000654,0.93422715,0.797688455,0.677230912,1.001587574,0.159732048,0.937093214,0,1.04594404,0.933596518,1.162046664,1.022430866,1.233335309,0.849447157,1.534149866,0.054383901,1.535109922,0.090016919,3.093624691,1.802662993,0.990974027,0.294351481,0.919770053,0.161186347,1.594292906,1.693894066,1.988885867,1.845406206,1.084157912,1.263511958,1.06430771,1.128397613,0.99183097,nan,1.085357606,1.268858216,1.086998406,1.128397613,0.901365435,nan,1.084430815,1.262518988,0.988654989,1.124396863,0.943557859,nan
,median:,-0.99875317,-0.999172815,5.346859953,5.685934418,3.172806647,1.840939031,1.594161315,1.452612318,1.483130926,1.211792819,1.458920417,0.421767649,1.553492775,0,1.627763253,1.630933879,1.773784931,1.524019969,2.100984142,1.466534935,2.575700556,0.527883448,2.575852438,0.507658594,4.37136802,2.550255949,1.695113134,0.531989433,1.625661734,0.450648061,3.279366206,3.050002953,3.071266884,2.990758264,1.583608365,1.944888291,1.616152328,1.730379419,1.511135758,nan,1.584012701,1.955472866,1.58401778,1.7283407,1.426628336,nan,1.583215661,1.958868561,1.541604433,1.662826536,1.432957173,nan
,0.75 quantile:,-0.976821924,-0.983207121,18.82697708,18.07325177,8.450068614,2.939910111,3.201852087,3.062715575,3.450736087,2.653992288,2.959897552,0.859845677,3.428434549,0.312476464,3.368939181,2.947796135,4.040194744,2.982912764,3.873773946,2.981467575,4.957636124,1.195812971,4.666709727,1.199427931,7.474301041,7.563045632,3.407053797,0.962537918,3.117367036,0.73264601,6.647205172,7.778957434,5.783778514,5.569314248,3.384993329,3.330747821,3.44845927,2.464602622,3.394281538,nan,3.384552061,3.415678629,3.355299882,2.520710327,3.414988079,nan,3.383806862,3.415950888,3.145938772,2.450222611,3.640550298,nan
Relative distance to minimum upper bound:,,,,,,,,,,,,,,,,,,,,,,,,,,,,,,,,,,,,,,,,,,,,,,,,,,,,,
,mean:,-0.050480935,-0.050572981,0.277120298,0.306293856,0.172359309,0.083997851,0.128773199,0.1141896,0.108781673,0.094115045,0.109301147,0.078224395,0.117535655,0.0212264,0.123741956,0.126417496,0.145506873,0.132484635,0.161951328,0.143777673,0.218482132,0.109334352,0.215411248,0.107675477,0.390489379,0.324345943,0.116335283,0.084434954,0.10922204,0.075416448,0.185583286,0.157590288,0.255404071,0.233511248,0.123116178,0.160851114,0.120375973,0.187291861,0.08478278,nan,0.123765623,0.157277635,0.119806617,0.187115619,0.079177328,nan,0.12377563,0.158290036,0.122867237,0.185378124,0.083685503,nan
,std error of mean:,0.006394865,0.006414141,0.036153435,0.059357105,0.014150741,0.008516786,0.010884127,0.010896757,0.008962281,0.008879333,0.009900476,0.010411792,0.009970977,0.003987696,0.009274648,0.010169069,0.009895272,0.012823334,0.011057691,0.015055778,0.023348129,0.015550701,0.023275261,0.015118288,0.034188175,0.036803272,0.010425736,0.01197288,0.010500837,0.010622582,0.017973929,0.013469018,0.023097488,0.019284352,0.009143032,0.012778652,0.009404831,0.013669876,0.008044641,nan,0.00920527,0.012887746,0.009640873,0.013602838,0.008640185,nan,0.009273858,0.012955674,0.009546103,0.013755619,0.007341887,nan
,0.25 quantile:,-0.080953895,-0.081245396,0.111800544,0.197467916,0.080344402,0.032106128,0.068270319,0.066826396,0.055699963,0.042945944,0.04894197,0.008540568,0.060944389,0,0.051000726,0.059623938,0.09605493,0.028522779,0.103602138,0.042709813,0.087630354,0.013506465,0.087630354,0.013506465,0.24501169,0.135482293,0.055217702,0.011004257,0.050553244,0.008178126,0.083950069,0.079426096,0.137053532,0.095481021,0.055604583,0.082325208,0.052454484,0.108094122,0.037072237,nan,0.055604583,0.077192951,0.041029874,0.108094122,0.026237185,nan,0.053400223,0.077192951,0.056156688,0.107394665,0.039124457,nan
,median:,-0.03852462,-0.03852462,0.239021099,0.302615948,0.182510706,0.071784416,0.099928925,0.088556878,0.087559796,0.074091696,0.090999787,0.059138046,0.093950928,0.004296251,0.128199682,0.112826686,0.13897872,0.123119435,0.147628863,0.129677326,0.17445781,0.091581728,0.17132276,0.091581728,0.359346795,0.296536093,0.098117699,0.045629512,0.086157826,0.037525263,0.174832164,0.139660766,0.239987838,0.227165779,0.127104472,0.143670078,0.11566894,0.162761316,0.066810329,nan,0.127104472,0.139963349,0.117570828,0.162761316,0.05567986,nan,0.127104472,0.139963349,0.12233765,0.160770043,0.074341537,nan
,0.75 quantile:,-0.00797222,-0.00797222,0.38055197,0.455601564,0.245063232,0.126462666,0.170890292,0.142463521,0.154388387,0.125323461,0.154535802,0.140026388,0.15085927,0.034551431,0.194677252,0.182678884,0.220889254,0.216328079,0.220131421,0.201839651,0.329011918,0.158985735,0.329011918,0.158985735,0.497736412,0.444408951,0.170055273,0.16716583,0.13580458,0.132507465,0.248967863,0.215594546,0.321165493,0.303321497,0.190235655,0.225756811,0.191070999,0.238966159,0.128085146,nan,0.194677252,0.222733654,0.194677252,0.238966159,0.120445136,nan,0.194677252,0.225756811,0.196062707,0.238208243,0.110546631,nan
Relative distance to maximum lower bound:,,,,,,,,,,,,,,,,,,,,,,,,,,,,,,,,,,,,,,,,,,,,,,,,,,,,,
,mean:,-0.062362213,-0.06284942,0.577962842,0.555502604,0.461154998,0.222888212,0.169052429,0.158278963,0.160880311,0.136956184,0.165910408,0.039081571,0.160345069,0.025844215,0.168689108,0.158828724,0.175141379,0.13369033,0.181761384,0.122876759,0.210484407,0.016561821,0.210785848,0.016642344,0.305602809,0.091047971,0.165715089,0.039019909,0.164808091,0.037684347,0.444331949,0.438449584,0.292035061,0.278476555,0.16841373,0.197157452,0.170121601,0.227063757,0.185591581,nan,0.16840086,0.194912388,0.167736357,0.227583856,0.183231323,nan,0.168480975,0.195756774,0.168825207,0.226491628,0.177552162,nan
,std error of mean:,0.005972065,0.006005106,0.042783493,0.081129661,0.03449737,0.017630637,0.01108049,0.011163936,0.010971977,0.010558808,0.010947741,0.004952089,0.010725088,0.004140793,0.011012937,0.01089476,0.011301454,0.010292043,0.01174424,0.009103659,0.01646253,0.005541567,0.016590249,0.005577612,0.028320694,0.007025766,0.011088556,0.004922075,0.010954609,0.004762153,0.038792522,0.035776585,0.014516343,0.015261068,0.011004481,0.014066516,0.011048519,0.014342479,0.012308658,nan,0.011009855,0.014083473,0.011138085,0.014452967,0.012565434,nan,0.01099295,0.014185825,0.011224153,0.014675252,0.01248025,nan
,0.25 quantile:,-0.086047794,-0.086093963,0.419666148,0.344975635,0.191214008,0.129383982,0.09952994,0.082076257,0.09003911,0.068379693,0.091449304,0.007752991,0.088250126,0,0.093460859,0.082203052,0.106692825,0.06952686,0.10917528,0.077483611,0.106603332,0,0.105546032,0,0.209560774,0.05251258,0.092929944,0.007805412,0.094370015,0.00660137,0.140494953,0.156028539,0.213837476,0.180490711,0.096198166,0.116919634,0.096398386,0.1605824,0.107384685,nan,0.09624724,0.110166781,0.094740806,0.1602784,0.10080528,nan,0.095880332,0.110595728,0.094735635,0.158634672,0.082727857,nan
,median:,-0.054546683,-0.054607187,0.64857411,0.672260743,0.529386303,0.168739999,0.147529567,0.156767042,0.154834526,0.132562819,0.165063807,0.02276225,0.14922995,0.004821082,0.158864,0.1607424,0.160939722,0.115722039,0.164301187,0.1086304,0.212737143,9.70E-05,0.211995797,8.80E-05,0.270504628,0.080492879,0.158484953,0.022564837,0.151463927,0.020354627,0.417739205,0.435245355,0.296561063,0.282146565,0.1591616,0.191090659,0.168415383,0.226029695,0.187969136,nan,0.1590016,0.190786734,0.1592224,0.225936843,0.184517816,nan,0.159104,0.190383941,0.168260536,0.222033525,0.1611904,nan
,0.75 quantile:,-0.027328926,-0.027305319,0.755127912,0.725642439,0.661990357,0.29103831,0.232839942,0.222288707,0.223448482,0.203632083,0.219885188,0.060466326,0.227211705,0.044004718,0.233309394,0.220352749,0.241403494,0.188760791,0.249081955,0.1671863,0.299026272,0.010025883,0.299102743,0.010198932,0.427137523,0.120764046,0.23107966,0.062017267,0.222153304,0.055498922,0.694184266,0.695233361,0.396934111,0.377504994,0.232673227,0.267245072,0.232974916,0.287713753,0.258633492,nan,0.232596973,0.267275363,0.232721714,0.287497162,0.254552942,nan,0.232614909,0.267470088,0.232863648,0.291542937,0.252471163,nan
,,,,,,,,,,,,,,,,,,,,,,,,,,,,,,,,,,,,,,,,,,,,,,,,,,,,,
,,,,,,,,,,,,,,,,,,,,,,,,,,,,,,,,,,,,,,,,,,,,,,,,,,,,,
Legend,,,,,,,,,,,,,,,,,,,,,,,,,,,,,,,,,,,,,,,,,,,,,,,,,,,,,
,,,,,,,,,,,,,,,,,,,,,,,,,,,,,,,,,,,,,,,,,,,,,,,,,,,,,
1 Details of characteristics and measurements,,,,,,,,,,,,,,,,,,,,,,,,,,,,,,,,,,,,,,,,,,,,,,,,,,,,,
,,,,,,,,,,,,,,,,,,,,,,,,,,,,,,,,,,,,,,,,,,,,,,,,,,,,,
instName:,network identifier,,,,,,,,,,,,,,,,,,,,,,,,,,,,,,,,,,,,,,,,,,,,,,,,,,,,
isSolved:,1 if valid solution found before time limit; 0 if valid uprBd and lwrBd were found but solution process interrupted by time limit; -1 if (i) missing or invalid (usually because process failed to find a feasible integral first stage solutionor if (ii) lwrBd == -1 or if (iii) uprBd == -1; -99 if solution process crashed,,,,,,,,,,,,,,,,,,,,,,,,,,,,,,,,,,,,,,,,,,,,,,,,,,,,
totTime:,total time at exit; -1 if invalid or missing; -99 if solution process crashed,,,,,,,,,,,,,,,,,,,,,,,,,,,,,,,,,,,,,,,,,,,,,,,,,,,,
uprBd:,upper bound; -1 if invalid; missing or smaller than lower bound produced by direct ILP solution; -99 if solution process crashed,,,,,,,,,,,,,,,,,,,,,,,,,,,,,,,,,,,,,,,,,,,,,,,,,,,,
lwrBd:,lower bound; -1 if invalid; missing or greater than upper bound produced by direct ILP solution; -99 if solution process crashed,,,,,,,,,,,,,,,,,,,,,,,,,,,,,,,,,,,,,,,,,,,,,,,,,,,,
relGap:,relative gap; -1 if invalid or missing; -99 if solution process crashed,,,,,,,,,,,,,,,,,,,,,,,,,,,,,,,,,,,,,,,,,,,,,,,,,,,,
nbAllNodes:,number of nodes generated; -1 if invalid or missing; -99 if solution process crashed,,,,,,,,,,,,,,,,,,,,,,,,,,,,,,,,,,,,,,,,,,,,,,,,,,,,
nbSubp:,number of cut generating subproblems examined; -1 if invalid or missing; -99 if solution process crashed,,,,,,,,,,,,,,,,,,,,,,,,,,,,,,,,,,,,,,,,,,,,,,,,,,,,
nbFeasCuts:,number of feasibility cuts genreated; -1 if invalid or missing; -99 if solution process crashed,,,,,,,,,,,,,,,,,,,,,,,,,,,,,,,,,,,,,,,,,,,,,,,,,,,,
nbOptCuts:,number of optimality cuts generated; -1 if invalid or missing; -99 if solution process crashed,,,,,,,,,,,,,,,,,,,,,,,,,,,,,,,,,,,,,,,,,,,,,,,,,,,,
nbPosFeasSubp:,number of feasible cut generating subproblems with positive value; -1 if invalid or missing; -99 if solution process crashed,,,,,,,,,,,,,,,,,,,,,,,,,,,,,,,,,,,,,,,,,,,,,,,,,,,,
nbNegFeasSubp:,number of feasible cut generating subproblems with negative value; -1 if invalid or missing; -99 if solution process crashed,,,,,,,,,,,,,,,,,,,,,,,,,,,,,,,,,,,,,,,,,,,,,,,,,,,,
nbNullFeasSubp:,number of feasible cut generating subproblems with null value; -1 if invalid or missing; -99 if solution process crashed,,,,,,,,,,,,,,,,,,,,,,,,,,,,,,,,,,,,,,,,,,,,,,,,,,,,
nbInfeasSp:,number of infeasible cut generating subproblems; -1 if invalid or missing; -99 if solution process crashed,,,,,,,,,,,,,,,,,,,,,,,,,,,,,,,,,,,,,,,,,,,,,,,,,,,,
nbPosUnbdSubp:,number of positively unbounded cut generating subproblems; -1 if invalid or missing; -99 if solution process crashed,,,,,,,,,,,,,,,,,,,,,,,,,,,,,,,,,,,,,,,,,,,,,,,,,,,,
nbNegUnbdSubp:,number of negatively unbounded cut generating subproblems; -1 if invalid or missing; -99 if solution process crashed,,,,,,,,,,,,,,,,,,,,,,,,,,,,,,,,,,,,,,,,,,,,,,,,,,,,
totTimeSubp:,sum of times spent in cut generating subproblems; -1 if invalid or missing; -99 if solution process crashed,,,,,,,,,,,,,,,,,,,,,,,,,,,,,,,,,,,,,,,,,,,,,,,,,,,,
totTimeSqrSubp:,sum of squared times spent in cut generating subproblems; -1 if invalid or missing; -99 if solution process crashed,,,,,,,,,,,,,,,,,,,,,,,,,,,,,,,,,,,,,,,,,,,,,,,,,,,,
maxRssMem:,maximum resident memory size; -1 if invalid or missing; -99 if solution process crashed,,,,,,,,,,,,,,,,,,,,,,,,,,,,,,,,,,,,,,,,,,,,,,,,,,,,
maxVmsMem:,maximum virtual memory size; -1 if invalid or missing; -99 if solution process crashed,,,,,,,,,,,,,,,,,,,,,,,,,,,,,,,,,,,,,,,,,,,,,,,,,,,,
,,,,,,,,,,,,,,,,,,,,,,,,,,,,,,,,,,,,,,,,,,,,,,,,,,,,,
2 Details of methods,,,,,,,,,,,,,,,,,,,,,,,,,,,,,,,,,,,,,,,,,,,,,,,,,,,,,
,,,,,,,,,,,,,,,,,,,,,,,,,,,,,,,,,,,,,,,,,,,,,,,,,,,,,
2.1 Hyperparameters,,,,,,,,,,,,,,,,,,,,,,,,,,,,,,,,,,,,,,,,,,,,,,,,,,,,,
GRB:,use of Gurobi,,,,,,,,,,,,,,,,,,,,,,,,,,,,,,,,,,,,,,,,,,,,,,,,,,,,
CPX:,use of CPLEX,,,,,,,,,,,,,,,,,,,,,,,,,,,,,,,,,,,,,,,,,,,,,,,,,,,,
SCP:,use of SCIP,,,,,,,,,,,,,,,,,,,,,,,,,,,,,,,,,,,,,,,,,,,,,,,,,,,,
T:,relative gap tolerance,,,,,,,,,,,,,,,,,,,,,,,,,,,,,,,,,,,,,,,,,,,,,,,,,,,,
F:,inclusion of strong constraints (in a Benders method),,,,,,,,,,,,,,,,,,,,,,,,,,,,,,,,,,,,,,,,,,,,,,,,,,,,
U:,no inversion between normalization and objective (Fisch and statBS),,,,,,,,,,,,,,,,,,,,,,,,,,,,,,,,,,,,,,,,,,,,,,,,,,,,
G:,relative gap required from Fisch in initial step of adaptBS or Glomb,,,,,,,,,,,,,,,,,,,,,,,,,,,,,,,,,,,,,,,,,,,,,,,,,,,,
M:,number of feasible integer solutions required from Fisch in initial step of adaptBS,,,,,,,,,,,,,,,,,,,,,,,,,,,,,,,,,,,,,,,,,,,,,,,,,,,,
E:,computation procedure of reference point in Seo (2: relaxed solution once initially; 4: relaxed solution at every callback),,,,,,,,,,,,,,,,,,,,,,,,,,,,,,,,,,,,,,,,,,,,,,,,,,,,
R:,metric involved in HT (0: L_inf; 1: L_1; 2: upper bound on L_1),,,,,,,,,,,,,,,,,,,,,,,,,,,,,,,,,,,,,,,,,,,,,,,,,,,,
P:,common value of all elements in initial reference point in MW and Papa,,,,,,,,,,,,,,,,,,,,,,,,,,,,,,,,,,,,,,,,,,,,,,,,,,,,
L:,mixing weight applied when updating reference point in MW and Papa,,,,,,,,,,,,,,,,,,,,,,,,,,,,,,,,,,,,,,,,,,,,,,,,,,,,
H:,mixing weight applied when updating reference point in Glomb,,,,,,,,,,,,,,,,,,,,,,,,,,,,,,,,,,,,,,,,,,,,,,,,,,,,
A:,also add a standard optimality cut whenever a MW optimality cut is added,,,,,,,,,,,,,,,,,,,,,,,,,,,,,,,,,,,,,,,,,,,,,,,,,,,,
,,,,,,,,,,,,,,,,,,,,,,,,,,,,,,,,,,,,,,,,,,,,,,,,,,,,,
2.2 Algorithmic families,,,,,,,,,,,,,,,,,,,,,,,,,,,,,,,,,,,,,,,,,,,,,,,,,,,,,
ILP_flow:,brute force ILP,,,,,,,,,,,,,,,,,,,,,,,,,,,,,,,,,,,,,,,,,,,,,,,,,,,,
ILP_flow_strong:,brute force ILP with inclusion of strong constraints,,,,,,,,,,,,,,,,,,,,,,,,,,,,,,,,,,,,,,,,,,,,,,,,,,,,
Std:,standard Benders,,,,,,,,,,,,,,,,,,,,,,,,,,,,,,,,,,,,,,,,,,,,,,,,,,,,
Std_Decomp:,Benders with flow decomposition of subproblems,,,,,,,,,,,,,,,,,,,,,,,,,,,,,,,,,,,,,,,,,,,,,,,,,,,,
Fisch:,Fischetti et al.,,,,,,,,,,,,,,,,,,,,,,,,,,,,,,,,,,,,,,,,,,,,,,,,,,,,
StatBS:,static Brandenberg-Stursberg,,,,,,,,,,,,,,,,,,,,,,,,,,,,,,,,,,,,,,,,,,,,,,,,,,,,
AdaptBS:,adaptive Brandenberg-Stursberg,,,,,,,,,,,,,,,,,,,,,,,,,,,,,,,,,,,,,,,,,,,,,,,,,,,,
Seo:,Seo et al.,,,,,,,,,,,,,,,,,,,,,,,,,,,,,,,,,,,,,,,,,,,,,,,,,,,,
HT:,Hosseini-Turner,,,,,,,,,,,,,,,,,,,,,,,,,,,,,,,,,,,,,,,,,,,,,,,,,,,,
MW:,Magnanti-Wong,,,,,,,,,,,,,,,,,,,,,,,,,,,,,,,,,,,,,,,,,,,,,,,,,,,,
Papa:,Papadakos,,,,,,,,,,,,,,,,,,,,,,,,,,,,,,,,,,,,,,,,,,,,,,,,,,,,
Glomb:,Glomb et al.,,,,,,,,,,,,,,,,,,,,,,,,,,,,,,,,,,,,,,,,,,,,,,,,,,,,
